geom_x,geom_y,plotID,treeID,pDBH_RF,Z,Z_ft
725436.246,4162720.115,1,369,10.2029000004061,21.964,72.06036976
725439.348,4162723.134,1,344,8.35564000674657,20.741,68.04790244
725441.368,4162723.367,1,339,8.74665334242447,20.788,68.20210192
725443.221,4162724.177,1,335,8.668816706059,22.069,72.40485796
725444.608,4162725.918,1,322,9.08799334755881,21.876,71.77165584000001
725446.519,4162727.003,1,315,9.01002662012898,21.869,71.74868996
725449.026,4162728.421,1,302,9.53799336252437,21.245,69.7014458
725450.837,4162729.709,1,293,9.16767668240294,21.423,70.28543531999999
725453.193,4162732.422,1,278,9.60305997899983,21.21,69.5866164
725456.492,4162734.014,1,269,8.78532001215833,20.173999999999996,66.18766615999999
725458.01,4162734.694,1,10,8.33927002332423,19.644,64.44882095999999
725459.484,4162735.528,1,262,8.65008332694963,20.121,66.01378163999999
725461.391,4162736.441,1,257,9.0020367154876,21.537,70.65945108
725462.931,4162737.642,1,8,8.54279664234083,19.616,64.35695744
725464.363,4162738.69,1,248,8.76108332469729,20.498,67.25065832
725466.022,4162739.347,1,242,8.05504338561857,20.224,66.35170816
725467.479,4162740.836,1,239,8.97326000201716,20.398,66.92257432
725469.367,4162741.779,1,237,8.19378339508536,20.898,68.56299432
725473.385,4162744.975,1,232,9.83007665415343,20.647,67.73950348
725441.184,4162712.637,1,443,9.6358833255465,21.530000000000005,70.63648520000001
725444.637,4162714.873,1,421,8.9635466846718,20.943,68.71063212
725448.108,4162716.869,1,402,8.3039200157515,21.56,70.73491039999999
725449.57,4162717.809,1,389,8.5292100061616,20.638,67.70997592
725451.142,4162719.25,1,379,7.81775999322096,21.464,70.41994976
725454.136,4162720.827,1,362,8.49734998561173,21.041,69.03215444
725459.067,4162723.838,1,336,8.98610334889393,22.216,72.88714144000001
725462.167,4162725.731,1,321,8.74093999301883,22.020999999999997,72.24737764
725462.945,4162727.437,1,308,8.68083334978514,20.74,68.0446216
725464.735,4162727.753,1,305,8.70774335046767,20.817,68.29724628
725466.418,4162729.215,1,297,8.67412338594526,21.72,71.2598448
725468.142,4162730.422,1,289,7.63927334122247,21.792,71.49606528000001
725470.772,4162732.077,1,277,8.1544666865631,21.941,71.98491044
725472.38,4162733.078,1,11,8.123140007047,20.768,68.13648512
725473.871,4162734.323,1,267,8.33599000434456,20.523,67.33267932
725475.461,4162735.142,1,9,7.63850001138247,19.14,62.7952776
725476.905,4162736.255,1,258,8.1198100045272,20.139,66.07283676
725478.848,4162737.574,1,252,8.70934334259257,20.445,67.0767738
725446.304,4162705.003,1,527,9.51942998088084,21.233,69.66207572
725450.364,4162707.783,1,496,8.62043669567331,20.33,66.69947719999999
725451.816,4162708.455,1,489,8.11117003273686,20.381,66.86680004
725453.291,4162709.61,1,477,8.32411334827316,20.896,68.55643264
725454.883,4162710.637,1,468,8.12060666275806,20.926,68.65485783999999
725456.593,4162711.776,1,454,7.67807331999166,20.197,66.26312548
725458.126,4162712.561,1,445,8.13787000141359,20.649,67.74606516
725459.558,4162713.665,1,431,8.24998666112833,20.547,67.41141948
725461.375,4162714.844,1,422,8.35951669505804,20.895,68.5531518
725463.919,4162716.31,1,26,7.77705002056466,20.263,66.47966092
725465.471,4162717.659,1,394,8.84373666583296,21.404000000000003,70.22309936
725467.586,4162718.713,1,381,9.08544003448969,20.595,67.5688998
725469.98,4162720.509,1,364,8.4695400108822,21.297,69.87204948
725473.719,4162722.891,1,346,9.19640327993031,20.811,68.27756124
725479.356,4162726.361,1,316,8.05874669077953,21.363,70.08858492
725480.659,4162727.791,1,15,8.84261998377286,20.491,67.22769244
725484.011,4162729.915,1,295,9.43091331886634,20.449,67.08989716
725442.778,4162709.937,1,474,9.215986688818,23.096,75.77428064
725445.16,4162711.585,1,453,9.02683333844624,21.69,71.1614196
725449.565,4162714.945,1,415,7.74791000887307,21.612999999999996,70.90879491999999
725451.535,4162715.798,1,411,8.19409337351119,21.236,69.67191824
725452.976,4162716.843,1,400,8.63820998747851,21.525,70.620081
725454.677,4162717.896,1,390,8.2984033600198,21.779,71.45341436
725457.207,4162719.862,1,371,9.00130670424873,20.605,67.6017082
725464.893,4162724.405,1,330,9.39164999127973,22.700999999999997,74.47834884
725468.308,4162726.544,1,314,8.7209000193384,21.96,72.0472464
725470.013,4162727.614,1,307,8.35316001580796,21.382,70.15092088
725471.158,4162728.895,1,298,8.67001334753076,21.146999999999995,69.37992347999999
725472.712,4162729.78,1,292,8.7115033489876,21.56,70.73491039999999
725474.164,4162730.446,1,287,8.5430966610221,20.304999999999996,66.61745619999999
725475.429,4162731.67,1,279,7.87505666026229,21.766,71.41076344
725477.068,4162732.842,1,275,7.52219668710633,19.871000000000002,65.19357164
725478.83,4162733.677,1,271,8.62802666688587,21.237,69.67519908
725480.898,4162735.214,1,263,8.93377668869053,20.984,68.84514656
725450.127,4162704.078,1,541,9.76002331621643,21.97,72.0800548
725452.172,4162704.981,1,530,8.9778433514057,22.173,72.74606532
725454.876,4162707.217,1,504,8.33029333282425,20.997,68.88779748
725456.458,4162708.037,1,494,8.5676533216925,22.327,73.25131468000001
725458.309,4162708.978,1,486,8.12624002893767,21.027,68.98622268
725459.697,4162710.187,1,471,8.3725666609848,19.7,64.632548
725461.411,4162710.751,1,466,8.60097330767996,21.389,70.17388676
725462.641,4162712.14,1,452,8.87099001630987,21.852,71.69291568
725464.085,4162713.013,1,442,8.03527333316533,20.719000000000005,67.97572396000001
725465.601,4162714.108,1,429,8.50493333588756,19.926,65.37401784
725467.38,4162715.046,1,420,8.34622000224706,20.801,68.24475283999999
725469.139,4162716.425,1,405,8.49739003942754,19.887000000000004,65.24606508000001
725473.456,4162719.119,1,377,9.11786668681411,21.785999999999998,71.47638024
725476.371,4162721.458,1,358,8.555169993773,21.329999999999995,69.98031719999999
725478.227,4162721.58,1,354,8.87927000191777,21.821999999999996,71.59449047999999
725479.328,4162722.981,1,20,8.00829002003669,20.837,68.36286308
725481.126,4162723.977,1,333,8.58726001266794,20.445,67.0767738
725482.425,4162725.336,1,327,8.70203332053899,21.575,70.784123
725484.509,4162726.334,1,318,8.74705666280041,21.157,69.41273188
725449.763,4162699.852,1,594,10.3357833509292,22.594,74.12729896
725456.613,4162704.53,1,535,8.44722669292857,21.669,71.09252196
725458.299,4162705.449,1,525,8.46165667730281,20.769,68.13976595999999
725459.833,4162706.481,1,512,8.36413334601276,20.753,68.08727252
725461.414,4162707.451,1,500,8.11566331330646,20.859,68.43504156
725463.137,4162708.464,1,490,7.89713331742153,20.561999999999998,67.46063208
725464.396,4162709.47,1,478,8.34611002222289,19.925,65.370737
725465.616,4162710.459,1,469,8.108806678763,20.604,67.59842736
725467.349,4162711.59,1,455,7.99716332061246,21.478000000000005,70.46588152000001
725469.205,4162712.556,1,446,8.80076999460507,21.57,70.7677188
725470.727,4162713.571,1,432,8.46626339801483,20.596,67.57218064
725471.994,4162714.784,1,27,8.6168199878679,20.189,66.23687876
725473.575,4162715.197,1,416,8.48995003296916,21.373000000000005,70.12139332000001
725475.022,4162716.559,1,403,8.84392001628057,22.297,73.15288948
725476.951,4162717.085,1,396,9.06962332759597,22.114,72.55249576
725478.64,4162718.602,1,382,7.57991337460013,20.875,68.487535
725480.766,4162720.442,1,365,8.51311334981263,22.199,72.83136716
725487.374,4162724.76,1,329,9.26601335648503,21.433,70.31824372
725488.997,4162727.041,1,312,9.98919334944847,20.827999999999996,68.33333551999999
725456.53,4162690.074,1,749,8.90290998965117,21.837,71.64370308
725459.009,4162691.237,1,720,8.610049990861,21.397,70.20013347999999
725460.763,4162692.209,1,701,8.16965999915643,20.686,67.86745624
725462.15,4162693.338,1,688,7.66824001920762,19.989,65.58071076
725463.84,4162694.073,1,671,8.4412133298102,20.848,68.39895231999999
725465.351,4162695.309,1,652,7.99657331824567,21.226000000000003,69.63910984
725466.877,4162696.46,1,640,8.16166336575826,21.28,69.8162752
725468.36,4162697.314,1,625,8.94840666777,21.486,70.49212824
725470.053,4162698.207,1,613,8.7552400118317,21.087,69.18307308
725471.177,4162699.707,1,32,8.25720666915604,19.67,64.5341228
725472.681,4162700.322,1,591,8.51877669767646,20.364,66.81102576
725474.412,4162701.447,1,575,8.73965665815836,20.02,65.6824168
725475.956,4162702.483,1,561,8.39746999888114,20.644,67.72966095999999
725477.699,4162703.73,1,551,7.38995334915767,20.264,66.48294176
725480.528,4162705.336,1,526,8.1519400215769,20.697,67.90354547999999
725481.776,4162706.836,1,514,8.5129066713632,19.747,64.78674748
725490.016,4162710.952,1,461,10.2251366835974,21.593,70.84317812
725493.106,4162713.185,1,434,10.3594967034203,21.889,71.81430676
725494.79,4162714.604,1,424,9.89481001376556,21.352000000000004,70.05249568
725453.018,4162694.994,1,657,8.91260000393514,19.797,64.95078948
725457.073,4162697.737,1,618,8.20537665237603,20.142,66.08267928
725458.674,4162698.695,1,607,8.50435334410503,20.736,68.03149824
725460.114,4162699.551,1,33,8.47066334327986,20.754999999999995,68.09383419999999
725463.384,4162701.793,1,569,8.8011933841327,20.608,67.61155072
725465.328,4162702.305,1,560,8.79489999842203,22.475999999999996,73.74015983999999
725466.397,4162703.627,1,550,8.09111003979089,21.602999999999998,70.87598652
725468.202,4162704.619,1,536,7.79011666713539,21.638999999999996,70.99409675999999
725469.698,4162705.989,1,521,8.57422334118954,20.782,68.18241688
725471.305,4162706.61,1,513,8.23653331635867,19.59,64.2716556
725472.771,4162708.074,1,497,7.42491001897664,19.848,65.11811232
725475.472,4162709.389,1,479,7.56012998567222,19.977,65.54134068
725477.439,4162710.356,1,472,8.66633335595076,20.944,68.71391296
725478.732,4162711.737,1,459,7.9433033481784,20.527,67.34580268
725480.16,4162712.628,1,447,8.78252668779824,21.293,69.85892611999999
725481.798,4162713.649,1,433,8.78050001686069,21.731,71.29593404
725485.193,4162715.719,1,417,9.19336333883687,21.668,71.08924112
725489.498,4162718.561,1,383,8.49714333218803,19.964,65.49868975999999
725491.077,4162719.858,1,373,8.62428000456273,20.411,66.96522524000001
725449.903,4162674.74,1,1098,9.57716664337334,22.182999999999996,72.77887371999999
725452.127,4162675.783,1,1061,9.2086066698173,20.758,68.10367672
725457.727,4162679.257,1,977,8.85262671179283,20.701,67.91666884
725459.601,4162680.806,1,923,8.7675233767013,20.363000000000003,66.80774492
725461.475,4162682.163,1,899,8.80345003036324,22.053000000000004,72.35236452000001
725463.057,4162683.211,1,877,8.641196665138,20.976,68.81889984
725464.797,4162684.166,1,853,7.84634667530606,20.021,65.68569764
725466.24,4162685.18,1,830,7.82697998903693,19.721,64.70144564
725467.65,4162686.203,1,813,8.18497334494499,20.236,66.39107824
725469.243,4162686.975,1,799,8.27011335554123,21.363,70.08858492
725470.866,4162688.462,1,777,8.22344666892863,21.094,69.20603896
725473.591,4162689.685,1,753,8.40220670309624,20.904,68.58267936
725475.257,4162691.074,1,725,8.59844333501984,20.73,68.0118132
725476.957,4162691.812,1,707,8.45385001267304,20.039000000000005,65.74475276000001
725478.35,4162693.556,1,689,6.964046669095,19.724,64.71128816
725481.031,4162694.991,1,654,8.56536334855634,21.427,70.29855868
725482.912,4162696.23,1,642,8.19204665664323,21.350999999999996,70.04921483999999
725484.146,4162697.376,1,34,7.95561001140629,20.061,65.81693124
725489.371,4162701.77,1,571,9.21415002344964,20.722,67.98556648
725450.68,4162678.251,1,997,9.26409004090276,22.087,72.46391308
725455.593,4162681.519,1,922,8.46990999564003,21.387,70.16732508
725458.493,4162683.507,1,876,8.08835669570173,20.024,65.69554016000001
725461.091,4162685.237,1,53,7.6777733443673,19.907999999999998,65.31496272
725462.81,4162686.268,1,812,8.57480667473473,21.301,69.88517284
725464.521,4162687.608,1,790,8.47578667952876,21.715,71.2434406
725466.1,4162688.529,1,775,7.89388333487119,20.794,68.22178696
725467.658,4162689.574,1,752,8.60075335258417,21.666000000000004,71.08267944
725469.458,4162690.81,1,731,8.14713670366424,21.182,69.49475288
725471.669,4162692.414,1,700,8.87415332286611,21.51,70.57086840000001
725473.909,4162693.465,1,681,9.04958669846964,22.496,73.80577663999999
725475.41,4162694.663,1,664,8.64558337823977,20.803000000000004,68.25131452000001
725476.615,4162695.802,1,35,8.10894000286607,20.318,66.66010712
725478.297,4162696.725,1,632,8.52860671936511,20.801999999999996,68.24803367999999
725479.81,4162697.95,1,616,8.68185999047773,22.012,72.21785008
725481.552,4162698.729,1,608,8.3630233778488,20.608,67.61155072
725484.449,4162700.656,1,581,9.10682337496047,21.536,70.65617024000001
725486.392,4162701.965,1,570,10.0200466474449,22.486,73.77296824
725451.442,4162672.01,1,1175,9.080693336501,22.915,75.18044859999999
725453.69,4162673.457,1,1134,8.81938000512894,20.651000000000003,67.75262684
725455.496,4162674.438,1,1104,8.64747004670769,21.880000000000003,71.7847792
725457.047,4162675.757,1,1069,7.8617400207781,21.489,70.50197076
725458.523,4162676.407,1,1048,8.23792000988683,20.05,65.780842
725459.916,4162677.507,1,1026,8.49212330726163,19.989,65.58071076
725462.08,4162678.771,1,991,7.5619100054153,19.833999999999996,65.07218055999999
725466.353,4162681.681,1,915,9.20800336662741,20.774,68.15617016
725469.309,4162683.475,1,870,8.4148967300021,19.795,64.94422780000001
725471.0,4162684.382,1,847,8.1766066751535,20.577,67.50984468
725472.531,4162685.706,1,828,7.44702668661933,19.52,64.04199679999999
725475.093,4162687.492,1,49,7.26120003640814,19.738,64.75721992
725477.064,4162688.819,1,769,7.92863671645173,20.901,68.57283684
725479.494,4162690.317,1,737,7.4069700141622,20.252,66.44357167999999
725481.149,4162691.936,1,715,8.1665066590984,19.988,65.57742992
725482.893,4162692.742,1,697,7.42495001699849,19.462,63.85170808
725487.487,4162695.392,1,651,9.23029336579379,21.136999999999997,69.34711508
725489.61,4162696.935,1,633,9.65670666881368,21.434,70.32152456
725456.506,4162664.092,1,1398,9.47234668132799,22.810999999999996,74.83924123999999
725462.203,4162667.731,1,1291,8.72697330346083,21.533999999999995,70.64960855999999
725463.766,4162669.222,1,1262,7.9972766979101,20.526,67.34252184
725466.394,4162670.703,1,1205,8.13400671539957,20.697,67.90354547999999
725468.053,4162672.047,1,1177,8.4224899950417,20.507,67.28018588
725469.532,4162672.786,1,1156,7.36690332218913,19.838999999999995,65.08858475999999
725471.049,4162673.747,1,1124,7.96120332996593,20.105,65.9612882
725472.68,4162675.03,1,1090,8.0271766992792,19.159,62.85761356
725473.945,4162676.205,1,1062,7.77077667310053,20.149000000000004,66.10564516000001
725475.695,4162676.979,1,1042,8.97435337718147,22.114999999999995,72.55577659999999
725477.88,4162678.024,1,1009,8.13768670575443,21.546,70.68897864
725480.19,4162679.713,1,962,7.49506668265146,19.812,65.00000208
725481.725,4162681.002,1,930,8.42283336381257,20.631,67.68701004
725483.409,4162681.962,1,910,8.12400334819093,21.674,71.10892616
725484.929,4162683.027,1,885,8.305283346008,19.675,64.550527
725486.325,4162684.035,1,862,8.74045002540573,20.137,66.06627508
725487.975,4162684.939,1,840,8.5552800404525,21.388,70.17060592
725489.481,4162686.288,1,814,8.4362566573242,19.961,65.48884724
725494.215,4162689.033,1,765,9.00767001424187,20.978,68.82546152
725496.989,4162690.608,1,738,9.79379000969433,19.781999999999996,64.90157688
725454.744,4162666.826,1,1315,9.7236300259186,21.952999999999996,72.02428051999999
725458.398,4162669.813,1,1235,8.67020000574193,21.153,69.39960852
725460.307,4162670.283,1,1223,8.0011100146579,21.216000000000005,69.60630144000001
725461.95,4162671.351,1,1194,8.88826668734481,21.829,71.61745636
725463.427,4162672.659,1,1158,8.0044033620862,21.442,70.34777128
725465.047,4162673.215,1,67,8.4471666760772,20.839000000000002,68.36942476
725466.309,4162674.593,1,1105,8.98767334949614,22.297,73.15288948
725467.924,4162675.667,1,1070,8.32328668118656,21.345999999999997,70.03281064
725469.54,4162676.633,1,1041,8.5303633490812,20.895,68.5531518
725471.146,4162677.402,1,1017,8.3805966959604,20.132,66.04987088
725475.572,4162680.147,1,952,9.0750200078329,20.746,68.06430664
725478.677,4162682.737,1,56,8.06133336809323,19.537,64.09777108
725480.112,4162683.846,1,866,7.53604000646983,21.41,70.2427844
725482.44,4162684.906,1,839,8.17061334294883,20.623,67.66076332
725484.788,4162686.729,1,802,8.73212665658767,21.041,69.03215444
725487.683,4162688.56,1,770,8.0718933731622,20.584,67.53281056
725489.761,4162689.655,1,757,8.26875002154657,20.804,68.25459536
725495.119,4162693.585,1,682,10.1291399625685,18.947,62.16207548
725435.358,4162621.793,1,2655,8.74893667271046,21.578,70.79396552
725437.411,4162622.837,1,2626,8.63241333284393,21.302,69.88845368
725438.587,4162624.247,1,2586,8.4436333371918,20.231,66.37467404
725440.603,4162624.713,1,2562,8.58419335221206,21.112,69.26509408
725441.943,4162625.793,1,2533,8.44711668557827,20.125,66.026905
725443.427,4162626.71,1,2502,8.42848667839197,20.785,68.1922594
725444.798,4162627.892,1,2470,8.4113633480297,20.554,67.43438536
725446.404,4162628.639,1,2453,8.74542667962191,21.152,69.39632768
725448.155,4162629.432,1,2434,8.3168800106954,19.915,65.3379286
725449.561,4162630.638,1,2390,8.77941000713767,20.961,68.76968724
725450.963,4162631.808,1,2348,7.61077665281776,19.713,64.67519892
725452.702,4162632.777,1,2320,8.69700000352074,20.904,68.58267936
725454.148,4162633.974,1,2284,7.604330021775,20.313,66.64370292
725457.019,4162635.655,1,2227,8.13235338362089,21.617999999999995,70.92519911999999
725458.671,4162636.787,1,2192,8.3365966664826,20.606,67.60498904
725461.986,4162638.582,1,2139,8.80961666733866,21.476,70.45931983999999
725465.945,4162641.728,1,2036,7.76283001206004,21.031,68.99934603999999
725468.153,4162642.564,1,2014,8.38817332764587,21.509000000000004,70.56758756
725469.481,4162643.72,1,1971,8.596340018793,20.333,66.70931972
725471.012,4162644.695,1,1941,8.15171333301029,19.789,64.92454276000001
725472.298,4162645.717,1,1912,7.73321668465597,19.115,62.713256599999994
725474.046,4162646.461,1,1888,7.29677001424256,20.652,67.75590768
725475.947,4162647.943,1,1854,8.1150200103385,21.493,70.51509412
725478.441,4162649.44,1,1793,8.38719339301093,20.332000000000004,66.70603888000001
725480.152,4162650.653,1,1773,8.47183670054323,20.472,67.16535648
725481.936,4162651.572,1,1750,8.03840333094463,22.042,72.31627528
725483.493,4162652.783,1,1715,8.7070066637689,20.355,66.7814982
725485.15,4162654.002,1,96,8.47751338686339,19.891,65.25918843999999
725489.413,4162656.735,1,1607,8.8289033511207,22.052,72.34908367999999
725490.848,4162658.019,1,1571,9.04234334592284,21.785,71.4730994
725494.156,4162659.541,1,1528,8.7000400004399,21.291,69.85236444
725498.268,4162662.664,1,1442,9.08482001456133,22.099,72.50328316
725501.858,4162664.843,1,1382,8.17692336087589,21.479,70.46916236
725503.452,4162665.772,1,1353,8.16765666783953,20.589,67.54921476
725508.244,4162669.392,1,1272,9.52077666452344,20.509,67.28674756
725461.366,4162656.671,1,1605,9.05858668425991,20.656000000000002,67.76903104
725463.436,4162658.222,1,1563,8.09596333489873,19.75,64.79659
725465.571,4162659.263,1,1540,8.75524336761083,20.777,68.16601268000001
725468.526,4162661.352,1,1480,8.82246337355653,21.339,70.00984476
725471.407,4162663.125,1,1428,8.42470668611083,20.647,67.73950348
725473.128,4162664.503,1,83,8.20048998296083,19.262,63.19554008
725474.772,4162665.352,1,1362,8.44693000864193,21.248,69.71128832000001
725478.034,4162667.452,1,1309,9.16260997980844,21.436,70.32808624
725482.186,4162670.503,1,1219,8.58728997881943,20.383,66.87336171999999
725484.164,4162671.339,1,1196,8.33601000931983,21.120999999999995,69.29462163999999
725486.542,4162672.835,1,1148,8.76773669200844,19.724,64.71128816
725488.498,4162674.379,1,1107,7.6126466741336,21.348,70.03937232
725490.004,4162675.303,1,1078,8.63596331006873,20.2,66.27296799999999
725491.485,4162676.189,1,1057,8.4153466835426,20.993,68.87467412
725493.048,4162677.224,1,1029,8.42014002085111,20.62,67.65092080000001
725494.44,4162678.294,1,999,8.607166682738,20.057,65.80380788
725499.276,4162681.548,1,924,9.59548669715955,20.435,67.04396539999999
725502.563,4162681.739,1,906,10.8130199827414,21.986,72.13254824
725436.867,4162619.419,1,2722,7.68912000371823,20.437,67.05052708000001
725438.59,4162620.484,1,2692,8.39108002163009,21.612999999999996,70.90879491999999
725442.295,4162622.634,1,2633,9.0201199663859,21.476,70.45931983999999
725447.976,4162626.392,1,2512,9.19658661927117,21.24,69.68504159999999
725452.786,4162629.449,1,2422,8.89548999352816,21.215,69.6030206
725454.045,4162630.469,1,2391,8.42207668651657,20.479,67.18832236
725455.721,4162631.258,1,2365,7.71651667587776,19.394000000000002,63.62861096
725458.677,4162633.284,1,2294,9.30205333449396,21.101,69.22900484
725463.227,4162635.918,1,2207,8.4695166975247,20.977,68.82218068
725465.054,4162637.406,1,2173,8.80470665607547,21.204,69.56693136
725466.709,4162638.146,1,2143,8.10635666546596,19.871000000000002,65.19357164
725467.607,4162639.471,1,2107,8.5311666761556,20.161,66.14501524
725469.472,4162640.161,1,2085,8.12486000140117,20.104,65.95800736
725471.071,4162641.226,1,2052,7.70804665667523,20.136,66.06299424
725472.674,4162642.128,1,2020,8.19201003153669,21.588,70.82677392000001
725474.184,4162642.893,1,1994,8.5864299963183,20.437,67.05052708000001
725475.495,4162644.017,1,1966,8.66831000581266,21.005,68.91404419999999
725477.423,4162644.891,1,1936,8.85652001710674,21.782,71.46325688
725478.893,4162646.139,1,1898,8.33118666893067,20.602,67.59186568
725480.417,4162647.358,1,1866,8.51798667418455,20.172,66.18110448
725481.797,4162648.28,1,1836,7.64230333153723,19.192,62.96588128
725483.151,4162649.174,1,103,8.09137668373823,20.180000000000003,66.2073512
725487.618,4162652.033,1,1727,9.19187667663994,21.283,69.82611772
725491.441,4162653.639,1,97,7.85317997216187,19.459,63.841865559999995
725492.391,4162655.348,1,1646,8.77263003333581,21.556000000000004,70.72178704000001
725493.955,4162655.97,1,1626,8.30209665797006,20.813,68.28412292
725495.478,4162656.907,1,1602,8.86572000912626,20.986000000000004,68.85170824000001
725497.001,4162658.199,1,1565,8.0274899943336,19.678000000000004,64.56036952000001
725498.315,4162659.406,1,1529,8.63067002590816,21.166,69.44225944
725499.921,4162660.194,1,1510,8.72876001799333,21.653,71.04002851999999
725501.709,4162661.178,1,1490,8.6004599945701,20.677000000000003,67.83792868
725503.355,4162661.685,1,84,7.89530002470453,20.247,66.42716748
725504.576,4162663.042,1,1433,8.2397300313621,21.664,71.07611776
725506.203,4162663.818,1,1401,8.07359331937682,21.827,71.61089468
725509.541,4162666.304,1,1343,9.70309669256687,21.781,71.45997604
725463.295,4162653.867,1,1682,9.0419833177231,20.595,67.5688998
725465.407,4162655.51,1,1644,8.97189334709032,21.679,71.12533035999999
725466.808,4162656.744,1,1606,8.82779331422056,20.202,66.27952968000001
725468.427,4162657.664,1,1586,9.06295002420883,21.989,72.14239076
725470.224,4162658.516,1,1554,8.86926668914316,21.793,71.49934612
725471.499,4162659.654,1,88,8.39098001333037,20.748,68.07086832
725473.127,4162660.497,1,1501,7.82329001507994,19.296000000000003,63.30708864
725474.688,4162661.551,1,1477,8.22107334885416,20.686,67.86745624
725476.187,4162662.734,1,1445,7.58536667073323,19.85,65.124674
725477.781,4162663.759,1,1409,7.58152331576919,19.79,64.9278236
725479.592,4162664.938,1,1380,8.48533338805813,21.748,71.35170832
725482.028,4162666.501,1,1332,8.66195668645269,20.914,68.61548776000001
725484.021,4162667.91,1,1292,8.77506663981723,20.273,66.51246932
725486.681,4162669.625,1,1237,8.70026001558821,21.23,69.6522332
725492.502,4162673.51,1,1126,9.58010335196417,20.769,68.13976595999999
725500.37,4162678.71,1,983,9.15170336256224,20.838,68.36614392
725443.641,4162609.064,1,3025,9.73186668742461,22.095,72.4901598
725448.43,4162612.013,1,2945,8.5166933572791,21.91,71.8832044
725450.135,4162613.075,1,2919,8.21576004311315,21.554,70.71522535999999
725453.098,4162615.023,1,2865,8.91616999513456,21.161,69.42585524
725456.225,4162616.986,1,2797,8.8358400158322,20.780999999999995,68.17913603999999
725457.648,4162618.107,1,2761,8.61312334901106,21.193,69.53084212
725459.237,4162618.902,1,2747,8.66671002054853,21.017000000000003,68.95341428
725460.633,4162620.103,1,2707,8.48574666379217,20.744999999999997,68.0610258
725462.217,4162620.709,1,2686,8.34164999231076,20.649,67.74606516
725464.077,4162622.14,1,2649,8.65264667438524,22.173,72.74606532
725466.677,4162624.018,1,2588,8.39512666302659,20.29,66.5682436
725469.692,4162625.703,1,2535,8.38521335990157,20.95,68.733598
725471.602,4162627.033,1,2498,7.78952667952551,20.502,67.26378168
725474.334,4162628.657,1,2447,8.1198333611194,21.284,69.82939856
725476.285,4162629.561,1,2415,8.69494334248997,21.69,71.1614196
725477.56,4162630.705,1,2379,8.64607998350464,20.386,66.88320424
725479.005,4162631.891,1,2339,8.10945999697163,21.479,70.46916236
725480.811,4162632.807,1,2315,8.42822000745599,20.663,67.79199692
725482.067,4162633.983,1,2275,8.71375664955446,21.209,69.58333556
725484.088,4162635.242,1,2248,8.7917933542166,22.32,73.2283488
725486.972,4162636.636,1,2194,8.61275335203893,21.651,71.03346684
725488.661,4162637.835,1,2167,7.6239900088276,19.624999999999996,64.386485
725490.066,4162639.093,1,2124,8.59105666694054,20.898,68.56299432
725491.765,4162639.816,1,2101,8.25078335640256,21.392,70.18372928
725493.275,4162641.004,1,2064,8.18818669215726,21.653,71.04002851999999
725494.865,4162641.75,1,2037,8.00145666445563,20.798,68.23491032
725496.728,4162643.119,1,2005,7.5983066827297,20.487999999999996,67.21784991999999
725498.927,4162644.87,1,1937,8.27455667039876,21.271,69.78674764
725503.483,4162647.577,1,1855,8.88057001611421,21.758,71.38451672
725506.989,4162649.784,1,1794,8.53572000730234,21.450999999999997,70.37729884
725508.368,4162651.118,1,1762,8.00497669083153,20.527,67.34580268
725510.376,4162652.244,1,1736,7.18487335867626,19.814000000000004,65.00656376
725516.238,4162656.078,1,1627,10.1499167114971,22.342,73.30052728
725519.191,4162656.364,1,93,10.0956233059387,20.663,67.79199692
725434.085,4162624.466,1,2579,8.46499857309164,21.9,71.85039599999999
725436.742,4162626.184,1,2520,8.46748333191167,21.666000000000004,71.08267944
725438.379,4162627.43,1,2481,7.97740666401006,19.881999999999998,65.22966088
725440.052,4162628.212,1,2459,7.93482667755187,20.815,68.2906846
725441.588,4162629.254,1,2433,8.01362665149879,20.492999999999995,67.23425411999999
725443.268,4162630.188,1,2400,8.4758866804143,21.349,70.04265316
725444.497,4162631.52,1,2356,8.79719997382763,20.791,68.21194444
725446.287,4162632.274,1,2331,8.092620008288,21.449,70.37073716
725447.964,4162633.244,1,2302,8.68654333742716,20.835,68.3563014
725449.695,4162634.338,1,2269,8.06387003819753,20.844,68.38582896
725452.104,4162636.11,1,2206,7.94083668348483,19.852,65.13123568
725453.829,4162637.465,1,114,7.90420999637887,19.635,64.4192934
725455.624,4162638.192,1,2142,8.47813667241706,21.088,69.18635392
725457.061,4162639.266,1,2116,8.20588001033772,20.706,67.93307304
725458.513,4162640.315,1,2084,8.1447300083625,20.348,66.75853232
725460.165,4162641.029,1,2063,8.12049667622334,19.995,65.6003958
725461.661,4162642.197,1,2027,8.5889666775062,20.144,66.08924096
725463.314,4162642.89,1,1993,7.95286335610159,19.486,63.93044824
725464.658,4162644.267,1,1959,8.46488335369243,20.670999999999996,67.81824363999999
725466.215,4162645.258,1,1927,8.71927332125296,21.868,71.74540911999999
725468.034,4162646.044,1,1901,7.71103334324143,19.752,64.80315168
725470.543,4162648.067,1,1835,8.18344001560127,19.95,65.452758
725472.48,4162648.959,1,1815,8.07278335789473,20.565,67.4704746
725474.243,4162649.994,1,1786,8.2632933581008,20.831,68.34317804
725475.43,4162650.953,1,1761,8.2795533631578,20.14,66.0761176
725477.072,4162651.995,1,1735,8.4586133511313,21.737,71.31561907999999
725478.434,4162653.354,1,1704,8.47308999369207,21.971,72.08333564
725480.317,4162653.989,1,95,8.09522671008909,20.647,67.73950348
725481.697,4162655.074,1,1657,8.1974200242627,19.814000000000004,65.00656376
725485.891,4162657.937,1,1564,9.10360998121257,21.269,69.78018596
725494.948,4162664.056,1,1391,9.18213999678587,22.014,72.22441176
725501.375,4162668.463,1,1283,9.10091002800596,22.313999999999997,73.20866376
725504.635,4162670.314,1,1225,8.90058000649637,20.123000000000005,66.02034332000001
725506.62,4162671.821,1,1198,9.38328000996633,21.947,72.00459547999999
725441.793,4162611.661,1,2952,8.99276336563177,20.81,68.2742804
725443.612,4162612.642,1,154,8.43859333181903,20.228,66.36483152000001
725445.304,4162613.373,1,2913,7.8223466675105,21.31,69.9147004
725446.675,4162615.043,1,2864,8.77836332733273,21.214,69.59973975999999
725448.249,4162615.746,1,2838,8.7334833499505,20.849,68.40223316
725449.616,4162616.922,1,2808,8.19773332506411,20.161,66.14501524
725451.535,4162617.568,1,2782,8.5051400101834,19.785,64.9114194
725453.116,4162618.783,1,2746,7.1955466610461,18.795,61.6633878
725455.297,4162620.581,1,2685,8.5238966727873,20.704,67.92651136
725457.228,4162621.76,1,2657,7.89578999286157,20.943,68.71063212
725459.188,4162622.824,1,2634,7.79514667936683,20.218,66.33202312
725463.728,4162625.337,1,2542,9.06096668767673,22.156,72.69029103999999
725468.008,4162628.783,1,2446,8.7423566811495,20.963999999999995,68.77952975999999
725469.644,4162629.574,1,2424,8.54521005163914,21.764999999999997,71.4074826
725471.393,4162630.185,1,2401,8.45823333368179,21.514000000000003,70.58399176
725472.961,4162631.34,1,2357,8.18630667663129,20.918,68.62861112
725474.428,4162632.321,1,2333,8.25371667017527,20.779,68.17257436
725475.786,4162633.435,1,2303,7.89304334611086,20.549,67.41798116
725477.418,4162634.462,1,2258,8.71610005525984,21.65,71.030186
725483.555,4162638.196,1,2145,9.27716665306714,21.894,71.83071095999999
725488.443,4162641.664,1,2045,8.4689799969727,19.899,65.28543516
725489.972,4162642.516,1,2004,8.34027332705763,21.436,70.32808624
725491.535,4162643.809,1,1972,8.02203000739386,20.942,68.70735128
725493.197,4162644.792,1,1942,7.65720666711684,20.822999999999997,68.31693132
725495.137,4162645.447,1,1919,8.96031335292434,20.439,67.05708876
725495.888,4162647.072,1,1876,8.48862667600567,19.674,64.54724616
725497.464,4162647.895,1,104,8.3887133268161,20.126,66.03018584
725499.062,4162648.669,1,1820,8.68613000996996,21.227,69.64239068
725500.76,4162649.469,1,1798,8.90849667868404,21.795999999999996,71.50918863999999
725502.299,4162650.762,1,1768,8.90530000176559,22.406,73.51050104
725504.25,4162651.581,1,1741,8.08151003843892,22.416,73.54330944
725505.317,4162653.093,1,99,8.5543066698914,20.754,68.09055336
725507.283,4162653.379,1,1694,8.81396002896886,21.863,71.72900492
725512.455,4162657.583,1,1580,9.50217337062215,21.59,70.8333356
725514.561,4162659.072,1,1547,9.95187670995254,21.973999999999997,72.09317816
725517.142,4162660.3,1,1511,10.697699988647,21.692000000000004,71.16798128
725446.407,4162604.012,1,3141,9.95287666591037,22.108,72.53281072
725451.861,4162607.183,1,3073,8.3882366652487,21.068,69.12073712
725453.36,4162608.212,1,3050,8.3090233523796,19.878,65.21653752
725455.004,4162608.982,1,3030,8.39724002610593,20.691,67.88386043999999
725456.435,4162610.02,1,2996,8.49059999499293,20.945,68.7171938
725458.039,4162611.205,1,2968,8.53121332525936,20.787,68.19882108
725459.449,4162612.085,1,2946,8.2555966825504,21.084999999999997,69.1765114
725461.079,4162612.956,1,2927,7.9872666796352,19.387,63.60564508
725462.824,4162613.914,1,2896,8.0351900093783,21.904,71.86351936
725465.022,4162615.978,1,2830,7.20716335475717,19.53,64.0748052
725467.195,4162616.987,1,2798,8.0512199947714,20.791999999999998,68.21522528
725468.788,4162618.041,1,2769,8.24067335577269,21.287,69.83924108
725470.311,4162619.052,1,2733,8.41465332064236,19.833999999999996,65.07218055999999
725471.743,4162620.154,1,2708,8.347803352971,20.137,66.06627508
725473.095,4162621.229,1,2664,8.2751300342175,20.84,68.3727056
725476.527,4162622.768,1,2620,9.0622133251231,21.401,70.21325684
725478.007,4162623.786,1,2589,9.32718332958851,22.707000000000004,74.49803388000001
725482.495,4162626.723,1,2504,8.14925336945253,20.325,66.683073
725484.25,4162627.798,1,2472,8.28286000423943,22.259,73.02821756
725485.94,4162628.812,1,2440,8.8788533274338,22.135,72.6213934
725487.894,4162630.084,1,124,8.98640003383231,20.659,67.77887356
725490.421,4162631.931,1,2340,8.1126366633556,21.191,69.52428044
725493.125,4162633.596,1,2285,7.61838334471797,20.581,67.52296804
725495.274,4162634.532,1,2252,8.88480001638208,21.621,70.93504164
725497.027,4162636.097,1,2215,8.48989334557997,22.099999999999998,72.506564
725499.374,4162637.588,1,2158,8.61730334383311,21.476,70.45931983999999
725501.022,4162638.909,1,113,8.33556000184383,20.399,66.92585516
725502.812,4162640.0,1,2102,8.36457336189636,21.731,71.29593404
725505.388,4162641.576,1,2038,8.91854333797534,21.903,71.86023852
725507.313,4162642.769,1,2006,8.26763668038853,21.883,71.79462172
725508.584,4162643.964,1,1967,8.59403666346483,21.478000000000005,70.46588152000001
725510.273,4162644.68,1,1943,8.29221001209383,21.705,71.21063219999999
725511.89,4162645.958,1,1904,8.37422335096243,21.563,70.74475292
725513.428,4162646.749,1,107,8.3876700228371,20.765,68.1266426
725518.121,4162650.086,1,1788,9.21780002241579,22.931,75.23294204
725522.365,4162652.247,1,1742,9.2502133765501,20.587999999999997,67.54593392
725448.106,4162601.178,1,3202,9.1004833350112,21.59,70.8333356
725450.348,4162602.401,1,3181,9.14531002263713,22.248,72.99212832
725451.865,4162603.542,1,3156,8.05045335286633,20.695,67.8969838
725453.41,4162604.599,1,3135,7.82867668697793,20.228,66.36483152000001
725454.91,4162605.892,1,3111,8.53227331624377,19.816,65.01312544
725457.027,4162606.273,1,3104,8.03699335611283,21.956,72.03412304
725459.543,4162608.16,1,3051,8.31797001647404,20.974,68.81233816
725461.176,4162609.312,1,3016,8.7715533535418,21.807,71.54527788
725462.518,4162610.494,1,156,8.28215002028119,20.846,68.39239064
725464.205,4162611.519,1,2963,8.30513999811799,21.512,70.57743008
725465.584,4162612.477,1,2933,8.1608266813155,20.269,66.49934596
725467.002,4162613.593,1,2905,8.3073733095112,20.827999999999996,68.33333551999999
725468.664,4162614.393,1,2885,8.5004266790911,21.728,71.28609152
725470.398,4162615.097,1,2866,8.15572001595003,20.717,67.96916227999999
725471.826,4162616.094,1,2831,8.2703233361808,20.675999999999995,67.83464783999999
725473.009,4162617.218,1,2789,8.60423002044987,20.189,66.23687876
725474.719,4162618.26,1,2763,7.86355337512573,21.172999999999995,69.46522531999999
725476.698,4162619.733,1,2728,7.51335333330787,19.81,64.9934404
725481.878,4162622.68,1,2621,7.66258002858536,20.080000000000002,65.8792672
725488.842,4162627.106,1,2491,9.359650016854,20.887,68.52690508
725491.072,4162628.46,1,2462,9.50057667411134,21.81,71.55512039999999
725498.35,4162633.425,1,2305,8.30405995687994,20.019,65.67913596
725502.346,4162636.151,1,2199,8.72540335636324,20.712,67.95275808
725504.674,4162637.854,1,2175,9.08622002205814,21.373000000000005,70.12139332000001
725507.226,4162639.431,1,2103,8.726896673421,21.217,69.60958228
725510.108,4162641.262,1,2055,7.8220933467124,20.449,67.08989716
725511.762,4162642.328,1,111,8.26362999286279,20.642,67.72309928
725513.262,4162643.614,1,1979,7.91087333458989,21.914,71.89632776
725515.119,4162644.305,1,1952,7.75216000361053,21.340999999999998,70.01640644
725521.183,4162648.472,1,1829,9.5519900365482,22.57,74.0485588
725524.288,4162647.96,1,225,9.96007334524883,20.471,67.16207564
725450.507,4162598.569,1,3259,9.33487669105041,21.602,70.87270568
725455.067,4162601.898,1,3191,9.37205335872786,21.166,69.44225944
725458.399,4162603.424,1,3157,9.39873670426573,21.808,71.54855872
725461.997,4162605.797,1,3112,8.29300335154913,21.478000000000005,70.46588152000001
725464.047,4162607.632,1,3061,8.19294666976927,19.632,64.40945088000001
725465.721,4162608.795,1,3034,7.45036665836073,19.671,64.53740364
725467.196,4162609.995,1,3001,8.1678400226766,21.07,69.1272988
725469.007,4162610.54,1,2977,8.4206433277813,19.697,64.62270548
725470.269,4162611.696,1,2953,8.03166000599203,21.193999999999996,69.53412295999999
725471.985,4162612.755,1,2928,8.20683000544366,21.589,70.83005476
725473.65,4162613.508,1,2906,8.20774335824693,20.511,67.29330924
725475.092,4162614.604,1,2877,7.99390336259053,20.032,65.72178688
725476.946,4162615.054,1,2857,8.62472666562303,20.983,68.84186572
725479.888,4162617.674,1,2783,9.62264003161857,22.177,72.75918868
725484.319,4162620.254,1,2700,8.41287335366246,20.573,67.49672132
725485.67,4162621.518,1,2665,8.90696333381316,21.804,71.53543536
725487.73,4162622.606,1,2636,8.8481733586799,21.563,70.74475292
725490.407,4162624.29,1,2582,9.19459331472784,20.887,68.52690508
725492.512,4162625.496,1,2544,9.05041666261437,21.084999999999997,69.1765114
725494.934,4162627.275,1,2492,9.21884998440534,21.635000000000005,70.98097340000001
725496.609,4162628.731,1,2448,9.16587669524761,21.476,70.45931983999999
725498.398,4162629.522,1,2425,8.58345666908673,20.526,67.34252184
725499.618,4162630.659,1,2380,8.44261333794193,19.93,65.3871412
725501.577,4162631.75,1,2358,8.78126334972748,21.01,68.9304484
725504.064,4162633.541,1,2286,9.16217666582401,21.946,72.00131464
725505.73,4162634.871,1,2249,8.3351800076768,20.377,66.85367667999999
725507.202,4162635.951,1,2228,8.76271339109087,21.595,70.8497398
725509.204,4162636.813,1,2200,8.9105400309546,22.112,72.54593408
725511.671,4162638.631,1,2135,8.7556100142476,21.389,70.17388676
725513.455,4162639.921,1,2091,8.2244633614387,20.625,67.667325
725514.781,4162640.915,1,112,8.60041998438659,20.853999999999996,68.41863735999999
725516.458,4162641.607,1,2039,7.93063333797866,21.368,70.10498912
725519.566,4162643.843,1,1973,9.2485832914108,22.486,73.77296824
725492.548,4162614.545,1,2871,8.966326712622,21.906000000000002,71.87008104
725494.562,4162615.836,1,2832,7.68537334612953,21.947999999999997,72.00787632
725496.102,4162617.161,1,2800,7.95130001047013,21.445,70.3576138
725497.717,4162618.06,1,2771,8.28147000072646,21.269,69.78018596
725499.122,4162618.877,1,2748,8.10506668952356,20.632,67.69029088
725500.816,4162619.844,1,2716,8.3473566777047,21.886,71.80446424
725504.731,4162622.787,1,2622,9.12241001645313,22.008,72.20472672
725508.472,4162624.82,1,2572,7.67539334863463,19.516,64.02887344
725509.851,4162626.181,1,2528,8.51933337327053,20.906,68.58924103999999
725511.148,4162627.293,1,2493,8.2015200080595,20.683,67.85761372
725512.919,4162628.379,1,2455,8.21226003515319,20.001,65.62008084
725514.1,4162629.31,1,126,7.65853667778227,19.382,63.589240880000006
725515.644,4162630.082,1,2410,8.68068006868987,21.146,69.37664264
725517.312,4162631.768,1,2359,8.21757002459237,20.157,66.13189188
725520.156,4162633.131,1,2307,8.1884566947542,21.125,69.307745
725525.075,4162636.541,1,2209,9.16452335505917,21.288,69.84252192
725527.888,4162638.383,1,2148,9.38524998747097,21.586,70.82021223999999
725494.638,4162612.256,1,2939,9.4388866800299,22.401,73.49409684
725499.167,4162615.355,1,2858,8.2066399957395,22.057,72.36548787999999
725500.591,4162616.426,1,2823,8.4017899885826,22.634,74.25853256
725502.455,4162617.475,1,2791,8.27556002255309,21.795999999999996,71.50918863999999
725504.031,4162618.413,1,2764,8.15993335000493,20.752,68.08399168
725505.331,4162619.39,1,2729,8.40544999670243,20.296,66.58792864
725506.529,4162620.454,1,2701,8.41921003111027,19.802999999999997,64.97047452
725508.143,4162621.274,1,2672,8.34485002172684,21.196,69.54068464000001
725509.965,4162622.336,1,2638,8.72617667654236,22.313,73.20538291999999
725511.398,4162623.648,1,2604,8.3214833653305,22.08,72.4409472
725512.92,4162624.676,1,2573,7.95203668190646,21.818000000000005,71.58136712000001
725514.245,4162625.809,1,2546,8.15602002349179,20.901,68.57283684
725516.035,4162626.418,1,2515,8.4792433380513,20.932999999999996,68.67782371999999
725516.938,4162627.663,1,130,8.18225333497266,20.438,67.05380792
725520.309,4162629.858,1,2417,9.73677994058401,23.109,75.81693156
725524.808,4162632.688,1,2321,8.43264335509567,22.481,73.75656404
725526.52,4162633.79,1,2288,8.9747866356537,23.432,76.87664287999999
725529.568,4162635.903,1,2230,10.1795766998928,23.384,76.71916256
725499.039,4162604.608,1,3133,9.09379669725811,22.852,74.97375568
725500.935,4162606.016,1,3106,8.61711002439056,21.358,70.07218072
725502.613,4162606.885,1,3085,7.94527999682933,21.679,71.12533035999999
725504.427,4162608.115,1,3063,8.47536001244816,20.655,67.7657502
725507.158,4162609.97,1,3003,8.676239950616,21.96,72.0472464
725509.747,4162611.612,1,2955,8.32224001246377,21.11,69.25853239999999
725511.604,4162613.117,1,2914,8.63136667755026,22.255,73.0150942
725513.142,4162614.252,1,2886,8.0758166536097,21.034,69.00918856
725514.679,4162615.172,1,2860,7.85557665090209,20.510000000000005,67.29002840000001
725516.267,4162616.129,1,2824,8.252170040148,22.767,74.69488428
725517.781,4162616.926,1,2801,7.85243666220786,21.455,70.39042219999999
725519.182,4162618.071,1,2773,8.93856336131247,22.048,72.33596032
725520.669,4162619.056,1,146,8.57283333357997,20.901999999999997,68.57611768
725522.314,4162619.86,1,2710,8.45661333838586,22.140999999999995,72.64107843999999
725530.165,4162625.405,1,2552,9.68197002893524,22.871,75.03609164
725532.367,4162627.488,1,2483,10.7540166484383,22.268,73.05774512
725535.024,4162628.661,1,2456,10.6267533010898,21.679,71.12533035999999
725507.353,4162595.447,1,3311,8.36220667615343,20.529,67.35236436
725509.378,4162596.622,1,3294,8.77516999249683,20.984999999999996,68.84842739999999
725511.047,4162597.536,1,3276,8.30477332418254,19.448,63.80577632
725512.432,4162598.784,1,3257,8.5738966531574,22.245,72.9822858
725513.82,4162599.969,1,3230,8.59860001297944,21.968999999999998,72.07677396
725515.581,4162601.088,1,3211,8.48859336969957,21.761,71.39435924
725520.418,4162603.5,1,3153,8.99414669231807,22.457,73.67782388
725523.005,4162605.59,1,3114,8.7587000103352,21.623,70.94160332
725524.919,4162607.081,1,3081,8.65961000713443,21.78,71.4566952
725527.26,4162608.942,1,3032,8.48705999837477,22.134,72.61811256
725529.117,4162610.01,1,3004,8.60322333125867,22.142,72.64435928
725530.837,4162610.899,1,2975,8.00416669813113,22.403000000000002,73.50065852
725532.415,4162612.076,1,155,8.3292366781715,20.639,67.71325676
725533.477,4162613.431,1,2915,8.67766331228894,20.563,67.46391292
725535.361,4162613.708,1,2898,8.63539666439483,21.935,71.9652254
725539.687,4162617.267,1,2792,9.24244668766416,22.671,74.37992364
725541.808,4162618.669,1,2754,8.79039332178316,21.647,71.02034348
725500.813,4162601.938,1,3193,9.81822994786983,21.782,71.46325688
725506.005,4162605.234,1,3122,8.72422002185974,21.561000000000003,70.73819124
725507.244,4162606.255,1,3099,8.49246667439403,21.051,69.06496283999999
725508.94,4162607.433,1,3076,9.30525332143027,22.025999999999996,72.26378184
725511.446,4162609.335,1,3018,8.97257002795153,22.052,72.34908367999999
725513.382,4162610.24,1,2998,8.7329966773609,22.297999999999995,73.15617031999999
725514.992,4162611.47,1,2966,8.33370001990313,21.767,71.41404428
725516.59,4162612.466,1,2935,8.17282001244516,21.117,69.28149828000001
725517.776,4162613.479,1,152,8.37349001525343,19.88,65.2230992
725519.275,4162614.28,1,2887,8.01301667634263,20.678,67.84120952
725520.76,4162615.517,1,2847,8.6813633889321,21.528,70.62992351999999
725522.65,4162616.596,1,2825,8.41943670761493,20.789,68.20538276
725525.18,4162618.121,1,2753,9.08058997469324,21.628999999999998,70.96128836
725527.038,4162619.295,1,2730,8.76780335019983,21.349,70.04265316
725528.52,4162620.754,1,2687,8.550056673799,22.788,74.76378192
725535.175,4162625.318,1,2565,9.74944336744104,22.544,73.96325696
725507.76,4162591.777,1,3385,9.34924334954727,21.476999999999997,70.46260068
725509.705,4162593.34,1,3360,9.25993335973463,20.398,66.92257432
725520.61,4162600.333,1,3231,8.45208335289523,20.520000000000003,67.3228368
725522.788,4162601.987,1,3194,8.14289000838621,21.094999999999995,69.20931979999999
725524.497,4162603.276,1,168,8.39433000665773,20.780999999999995,68.17913603999999
725526.34,4162604.288,1,3146,8.23524334437843,22.333,73.27099971999999
725528.863,4162605.958,1,3107,8.54103668364637,22.826999999999998,74.89173468
725530.806,4162607.46,1,160,8.86778004046707,21.824,71.60105216000001
725532.434,4162607.645,1,3065,8.81200665779013,22.538,73.94357192
725533.579,4162609.495,1,3020,8.36455002181514,22.264,73.04462176
725535.437,4162610.164,1,2999,8.01107665784186,22.407,73.51378188
725536.665,4162611.439,1,2970,8.73258332454347,21.337,70.00328308
725538.287,4162612.398,1,2936,8.1046366678489,22.399,73.48753516000001
725539.838,4162613.362,1,2916,9.0396400131454,21.870000000000005,71.75197080000001
725541.348,4162614.2,1,2888,9.02529667909593,23.043,75.60039612
725543.437,4162616.035,1,2848,9.1604833481624,22.403000000000002,73.50065852
725455.746,4162594.417,1,3335,9.3958666871768,22.233,72.94291572
725457.425,4162595.358,1,3314,9.45386001858238,22.697,74.46522548
725460.546,4162597.546,1,3272,9.48596337483723,22.762,74.67848008
725464.9,4162600.56,1,3219,8.39192666812593,20.67,67.8149628
725466.592,4162601.473,1,3197,9.12534001911627,22.322,73.23491048
725468.174,4162602.556,1,3175,8.70638667192636,21.02,68.9632568
725469.648,4162603.658,1,3152,8.70455670163894,20.537,67.37861108
725471.678,4162604.334,1,163,8.67092334794187,20.382,66.87008088
725472.311,4162605.831,1,3113,8.54936005706627,21.286,69.83596024
725474.017,4162606.487,1,3093,8.4583466901342,20.259,66.46653756
725475.466,4162607.421,1,3070,8.35394666677403,21.625,70.948165
725477.17,4162608.366,1,3043,8.66070667038199,20.744999999999997,68.0610258
725478.796,4162609.049,1,3026,8.73139331752903,21.413,70.25262692
725480.423,4162610.392,1,2987,8.24975668687663,20.856,68.42519904000001
725481.396,4162611.706,1,2964,8.55484998668056,20.095999999999997,65.93176064
725483.213,4162612.663,1,2934,8.515830003259,19.881,65.22638004
725485.2,4162613.645,1,2908,8.84380001127861,20.072,65.85302048
725487.681,4162615.241,1,2845,8.5890833434823,21.588,70.82677392000001
725489.694,4162616.29,1,2822,8.79496667676343,21.24,69.68504159999999
725491.263,4162617.291,1,2790,8.801100008105,22.391,73.46128843999999
725492.735,4162618.702,1,2751,8.9320599950051,21.476,70.45931983999999
725494.025,4162619.491,1,2723,8.8110466600838,20.644,67.72966095999999
725495.745,4162620.43,1,2693,8.3673933438525,21.055,69.0780862
725497.23,4162621.454,1,2666,8.55047000526856,21.697000000000003,71.18438548
725499.135,4162622.585,1,2637,7.725566694528,21.227,69.64239068
725503.581,4162625.349,1,2551,9.44319002608016,22.537,73.94029108
725506.463,4162627.684,1,2478,9.24723668639013,22.61,74.1797924
725508.27,4162628.315,1,2454,8.61796333846317,22.083,72.45078971999999
725509.412,4162629.732,1,2416,8.36035668447436,21.01,68.9304484
725511.024,4162630.681,1,2381,8.02215999293642,21.832,71.62729888
725512.806,4162631.877,1,2350,8.38256336002527,21.247000000000003,69.70800748
725515.398,4162633.568,1,2287,8.21693003692886,22.418,73.54987111999999
725517.117,4162634.717,1,2253,8.55600333908106,21.937,71.97178708
725518.52,4162635.713,1,2229,8.09900667295484,20.816,68.29396544
725520.058,4162636.912,1,2195,9.16497665554234,22.144,72.65092096
725526.766,4162640.947,1,2065,10.4411966677227,22.245,72.9822858
725475.004,4162556.965,1,4009,9.49293333917679,21.927000000000003,71.93897868
725478.582,4162558.934,1,3978,9.73218001428117,22.669,74.37336196
725484.942,4162563.27,1,3908,8.85937337457353,22.58,74.08136719999999
725486.564,4162564.062,1,3888,8.7334666901361,21.651,71.03346684
725488.018,4162565.298,1,3871,8.30494001874803,20.78,68.1758552
725489.64,4162566.225,1,3854,8.18254000055229,20.416,66.98162944
725491.07,4162567.253,1,3839,7.89240334436809,20.955,68.7500022
725492.459,4162568.244,1,3820,8.36593333054253,21.176,69.47506784
725494.382,4162568.935,1,3804,8.54342668737623,21.136,69.34383423999999
725495.686,4162570.148,1,3788,7.80403000031706,20.237000000000002,66.39435908
725497.171,4162571.353,1,3765,8.2428066876316,21.012000000000004,68.93701008000001
725498.516,4162572.596,1,3743,8.46367000135193,20.510000000000005,67.29002840000001
725500.408,4162572.874,1,3734,8.27453335361144,19.957,65.47572388
725501.635,4162574.268,1,3709,7.86390334647876,21.419,70.27231196
725503.247,4162575.344,1,3692,8.5809734049875,21.202,69.56036968000001
725505.034,4162576.186,1,3675,7.75320001454352,20.693000000000005,67.89042212000001
725506.565,4162577.213,1,3656,7.9808766680242,20.926,68.65485783999999
725508.688,4162578.424,1,3637,8.36536337707124,21.408,70.23622272
725510.69,4162579.9,1,3600,8.36726338020223,21.319999999999997,69.9475088
725512.905,4162581.035,1,3580,7.75481669375413,20.743,68.05446411999999
725515.58,4162582.892,1,3548,8.95483666654401,22.519,73.88123596
725517.085,4162584.413,1,3519,8.4343433215786,21.171,69.45866364
725518.789,4162585.197,1,3503,8.96946669123764,21.868,71.74540911999999
725520.426,4162586.149,1,3493,8.4469867183071,19.976000000000003,65.53805984
725521.904,4162587.223,1,3471,8.18265001186239,21.035,69.0124694
725523.673,4162588.216,1,3447,8.6619733392815,21.537,70.65945108
725524.818,4162589.298,1,3431,8.1823966706219,20.035,65.7316294
725526.377,4162590.009,1,3413,8.08235665292353,20.937999999999995,68.69422791999999
725528.062,4162591.257,1,3397,7.84544666950706,21.745,71.34186580000001
725529.512,4162592.157,1,3377,7.82479998932179,20.943,68.71063212
725530.813,4162593.389,1,3353,8.21314334698369,21.509000000000004,70.56758756
725532.817,4162594.585,1,3337,8.99866667807423,22.604,74.16010736
725541.895,4162601.034,1,170,9.59510999590234,21.314999999999998,69.9311046
725544.309,4162602.39,1,3180,9.47573999048199,22.219,72.89698396
725549.788,4162606.479,1,3115,10.082233295999,23.487,77.05708908
725481.29,4162546.874,1,4140,10.2034566668695,22.525,73.900921
725490.647,4162552.167,1,4077,8.785909999632,20.995,68.8812358
725492.304,4162553.447,1,4063,8.2189266745368,20.824000000000005,68.32021216000001
725494.752,4162554.913,1,4039,7.82173336862643,19.915,65.3379286
725496.343,4162556.125,1,4024,8.6314866910191,21.264,69.76378176
725497.895,4162557.432,1,4005,8.69585332098077,20.589,67.54921476
725499.647,4162558.037,1,3996,8.69253001456007,20.512,67.29659008
725501.235,4162559.505,1,3976,8.65920001117317,21.656,71.04987104
725503.738,4162560.737,1,3944,7.7741066813968,21.777,71.44685268
725505.375,4162562.169,1,3930,8.06545334177819,20.409,66.95866355999999
725507.105,4162563.193,1,3909,8.5198600165125,21.559,70.73162956
725508.921,4162563.931,1,3900,8.2883833349868,21.177,69.47834868
725510.318,4162565.182,1,3876,7.62696001979683,19.533,64.08464772
725512.279,4162566.419,1,3855,8.71156002239844,20.268,66.49606512
725514.866,4162567.883,1,3827,8.33177002404216,21.186,69.50787624
725516.656,4162569.033,1,3805,8.82290003582311,21.507999999999996,70.56430671999999
725517.99,4162570.129,1,3790,8.67638666841887,21.736,71.31233824
725519.835,4162571.176,1,3770,8.38860000902221,22.231000000000005,72.93635404000001
725522.312,4162572.675,1,3735,9.0862100547004,22.043,72.31955612
725524.116,4162574.113,1,3717,8.01737669251504,21.284,69.82939856
725526.57,4162575.561,1,3681,8.90281002941494,20.623,67.66076332
725528.409,4162577.002,1,3661,8.03893002041007,21.334,69.99344056
725530.203,4162577.662,1,3644,7.8736800133802,20.565,67.4704746
725531.484,4162578.863,1,3621,7.95587000979496,21.217,69.60958228
725533.36,4162579.997,1,3607,8.05072667448147,21.05,69.061682
725535.601,4162581.943,1,3566,8.05113003003883,21.172,69.46194448
725537.72,4162582.463,1,3559,8.47861333768659,20.718,67.97244312
725538.913,4162584.126,1,3529,8.7051533450468,21.105999999999998,69.24540904
725540.645,4162585.116,1,3513,8.40648666821443,21.533999999999995,70.64960855999999
725542.073,4162585.599,1,185,8.65689667274097,21.388,70.17060592
725551.12,4162592.147,1,176,9.35217525044342,20.407,66.95210188
725552.582,4162593.023,1,3364,9.31495669667306,22.114,72.55249576
725554.504,4162594.009,1,3346,9.47586668881543,23.697,77.74606548
725556.884,4162595.523,1,3330,10.2835099680631,22.634,74.25853256
725479.784,4162549.274,1,4111,10.0196500180965,22.404,73.50393936
725485.172,4162552.746,1,4071,8.31796670025616,22.166,72.72309944
725486.744,4162553.812,1,4055,8.51293005622314,21.923,71.92585532
725488.553,4162554.673,1,4044,8.20726668810767,22.57,74.0485588
725489.876,4162555.823,1,4029,8.12060002488356,22.073,72.41798132
725491.46,4162556.48,1,4019,8.73853334514476,22.075,72.424543
725492.986,4162557.419,1,208,8.157439991843,21.56,70.73491039999999
725494.452,4162558.469,1,3992,8.22377999731786,20.668,67.80840112
725496.027,4162559.566,1,3971,8.07963670036543,20.2,66.27296799999999
725497.908,4162560.74,1,3954,7.6797699999939,20.395,66.9127318
725500.397,4162562.304,1,3920,8.67879335903251,21.178,69.48162952
725502.073,4162563.724,1,3903,8.38245000672447,19.785,64.9114194
725504.175,4162564.267,1,3889,8.723523335722,21.875000000000004,71.768375
725505.335,4162565.456,1,3873,7.9996066889184,20.327000000000005,66.68963468000001
725506.877,4162566.57,1,3850,7.82038000559593,21.627,70.95472668
725508.358,4162567.466,1,3840,8.62114333915493,20.541000000000004,67.39173444000001
725509.912,4162568.532,1,3815,8.85394338883112,21.359,70.07546156000001
725512.895,4162570.642,1,3781,9.38514335439616,21.197,69.54396548
725515.803,4162572.473,1,3748,9.42444333996843,22.12,72.5721808
725519.539,4162574.24,1,3710,8.65383000392326,21.599,70.86286316
725520.88,4162575.573,1,3685,8.87806335432463,21.113,69.26837492
725522.18,4162576.673,1,3670,8.34045000210717,20.036,65.73491024
725523.886,4162577.452,1,3650,8.39919333136583,20.961,68.76968724
725525.324,4162578.793,1,3628,8.70373002645011,20.716,67.96588144
725527.024,4162579.573,1,3613,8.7834199991293,21.495,70.5216558
725528.347,4162580.836,1,3582,8.64187667427917,20.687,67.87073708
725530.006,4162581.418,1,3574,8.78151002722604,21.076,69.14698384
725531.573,4162582.499,1,3558,8.68270999285476,20.977,68.82218068
725533.164,4162583.578,1,3535,8.2770233513526,21.56,70.73491039999999
725534.922,4162584.702,1,3520,7.34588334314116,21.61,70.8989524
725538.907,4162587.843,1,3460,9.41361002998477,22.815999999999995,74.85564543999999
725542.129,4162589.502,1,3426,8.24359002209807,21.689,71.15813876
725543.724,4162590.579,1,3411,8.18506999365149,20.163,66.15157692
725545.213,4162591.645,1,3392,8.90387340582447,21.763,71.40092092
725546.945,4162592.519,1,3372,8.9159966860582,21.853,71.69619652
725554.903,4162597.861,1,3278,9.9430299792313,21.993,72.15551411999999
725486.492,4162539.456,1,4214,9.56160999244987,20.443,67.07021212000001
725489.112,4162540.397,1,4205,9.57735669638724,22.629,74.24212836000001
725494.956,4162544.576,1,4166,8.80627670301731,20.707,67.93635388
725496.86,4162545.702,1,4155,8.76246001311109,21.49,70.5052516
725498.318,4162547.092,1,4142,8.5260300134343,21.179000000000002,69.48491036
725499.849,4162547.973,1,4130,7.9429899908131,19.855,65.1410782
725501.477,4162548.582,1,4123,8.37768668155477,19.755,64.81299419999999
725502.623,4162550.034,1,4108,8.68841333302959,20.581,67.52296804
725504.671,4162550.999,1,4094,8.95179000308104,21.521,70.60695764
725507.502,4162553.065,1,4072,8.14530000678883,20.268,66.49606512
725510.516,4162554.447,1,4047,8.0628866850878,21.611,70.90223324
725512.13,4162555.623,1,4030,8.27245671491026,21.875000000000004,71.768375
725513.871,4162556.947,1,4010,8.47398333305143,21.897,71.84055348
725515.515,4162557.889,1,4001,8.1228933510609,21.281,69.81955604
725516.889,4162558.774,1,3985,8.22305664972423,21.248,69.71128832000001
725518.407,4162559.527,1,3972,8.5233933260929,21.789,71.48622276
725520.035,4162560.551,1,3951,8.3152167337044,20.606,67.60498904
725521.537,4162561.617,1,3936,8.5311533618451,21.759999999999998,71.3910784
725523.138,4162562.378,1,3925,8.447873346254,20.252,66.44357167999999
725524.577,4162563.634,1,3905,8.28979667152619,20.214,66.31889976
725526.079,4162564.505,1,3885,8.8042933419649,22.13,72.60498919999999
725527.629,4162565.368,1,3867,8.60688664589616,20.731,68.01509404000001
725529.191,4162566.772,1,3848,8.44323338459967,21.053,69.07152452
725531.648,4162568.397,1,3817,9.05775002933927,21.82,71.5879288
725533.401,4162569.508,1,3797,8.4451600137314,20.674,67.82808616
725535.376,4162570.227,1,3783,8.8677767255907,22.229,72.92979236
725537.025,4162571.699,1,3761,8.04771671977229,20.981000000000005,68.83530404000001
725542.696,4162575.295,1,3686,9.90290001780898,21.809,71.55183956
725547.785,4162578.306,1,3638,9.23079332750597,22.125,72.588585
725550.151,4162580.041,1,3602,9.29416665106884,23.148,75.94488432
725551.708,4162581.5,1,3576,8.40219334654696,21.192,69.52756128
725553.146,4162582.425,1,189,8.15761002872449,21.8,71.522312
725554.919,4162583.266,1,3539,8.18686003288166,22.329,73.25787636
725559.198,4162586.823,1,182,9.62640334972634,22.579,74.07808636
725561.226,4162587.716,1,3465,9.97062000893997,20.84,68.3727056
725473.077,4162559.687,1,3965,9.63716665115811,22.052,72.34908367999999
725475.394,4162560.758,1,3949,9.90263664471253,22.107,72.52952988
725480.141,4162563.671,1,3902,8.50187001154113,20.21,66.3057764
725481.467,4162564.873,1,3882,8.9276533363668,20.63,67.6837292
725483.003,4162566.09,1,3858,9.01275002717562,21.702,71.20078968
725484.543,4162567.153,1,3844,9.22991999762413,22.297999999999995,73.15617031999999
725485.708,4162568.584,1,3826,9.43145667404491,22.299,73.15945116
725487.814,4162568.506,1,3814,8.91269667529416,22.037000000000003,72.29987108
725489.473,4162569.594,1,3796,8.82789001342384,22.098,72.50000232
725490.932,4162570.876,1,3773,9.04979668478189,21.857,71.70931988
725492.617,4162571.513,1,3758,8.7272099990173,22.008,72.20472672
725494.032,4162572.756,1,3742,9.24549336363349,21.361,70.08202324
725495.525,4162573.826,1,3716,8.89894665440823,22.847,74.95735148
725497.015,4162574.961,1,3698,8.7226366873701,21.25,69.71785
725498.605,4162575.676,1,3684,8.37681000870756,20.468000000000004,67.15223312
725500.163,4162577.007,1,3664,9.20372334520169,21.827,71.61089468
725501.859,4162577.735,1,3648,8.70313000613467,20.809,68.27099956
725503.32,4162578.746,1,3627,8.51574332792983,20.603,67.59514652
725504.892,4162579.841,1,3606,8.92599668550943,21.262999999999998,69.76050092
725506.497,4162580.63,1,3589,8.63361998895279,19.717,64.68832228
725507.904,4162581.654,1,190,8.19136999125844,19.076999999999998,62.58858468
725512.778,4162584.475,1,3518,9.63051669245554,21.601,70.86942484
725517.29,4162587.582,1,3464,7.40826334435964,20.907000000000004,68.59252188
725519.081,4162588.808,1,3438,8.10892999566954,21.254,69.73097336000001
725520.649,4162589.787,1,3422,8.60380337081309,21.891,71.82086844
725521.975,4162590.756,1,3406,8.03470666522586,20.966,68.78609144
725523.61,4162592.025,1,3382,8.1095499896852,21.444,70.35433296
725525.051,4162593.21,1,3362,8.23881668145916,20.898,68.56299432
725526.497,4162593.545,1,3352,8.15138670851067,19.714000000000002,64.67847976
725527.73,4162594.983,1,3334,7.4430333371126,19.346,63.47113064
725529.501,4162595.965,1,3312,8.08256003115113,20.772,68.14960848
725531.085,4162596.958,1,3295,7.55277666154699,20.234,66.38451656000001
725532.72,4162597.781,1,3274,8.55741000115192,21.391,70.18044843999999
725534.045,4162599.005,1,3258,8.56578000738937,20.56,67.45407039999999
725540.04,4162603.019,1,3172,9.67813335564587,22.607000000000003,74.16994988
725546.452,4162607.201,1,3082,9.75537334293747,22.362,73.36614408
725488.247,4162536.543,1,4238,9.85551998472743,20.996000000000002,68.88451664
725494.36,4162540.683,1,227,9.02958667960604,20.502,67.26378168
725497.278,4162542.289,1,4192,8.9362633173219,20.846,68.39239064
725499.674,4162544.245,1,4173,8.64715330496024,21.474,70.45275816
725501.993,4162545.031,1,4164,8.54129999019833,20.154000000000003,66.12204936
725503.017,4162546.26,1,4148,8.58912665314243,20.498,67.25065832
725504.385,4162547.352,1,4138,7.93772335726023,21.701,71.19750884
725506.443,4162548.519,1,4125,9.3064633597917,22.084000000000003,72.45407056
725508.846,4162550.173,1,4102,8.54765001933326,20.46,67.1259864
725510.69,4162551.091,1,4095,9.13969002258814,21.753,71.36811252
725512.167,4162552.168,1,4078,8.85634000912883,21.913,71.89304692
725514.009,4162553.131,1,4064,8.79550000600696,21.617999999999995,70.92519911999999
725515.465,4162554.302,1,4050,8.55116670833446,20.673,67.82480532
725517.13,4162555.168,1,4034,8.10858667924863,21.162999999999997,69.43241692
725518.76,4162556.28,1,4023,8.45482335364939,21.057,69.08464787999999
725520.184,4162557.364,1,209,7.76611335075534,20.315,66.6502646
725522.653,4162558.805,1,3986,8.59361003554976,20.991000000000003,68.86811244
725524.647,4162559.94,1,3964,8.34418668412192,22.244,72.97900496
725526.234,4162561.12,1,3941,8.29031002630266,21.248,69.71128832000001
725528.143,4162562.188,1,3932,8.15520335421743,21.184,69.50131456
725530.514,4162564.034,1,3896,8.45160334046757,21.533999999999995,70.64960855999999
725532.365,4162564.923,1,3878,8.01162000581366,21.685,71.14501539999999
725533.862,4162566.15,1,3861,8.56489667421083,20.481,67.19488404
725538.705,4162569.082,1,3806,9.72879004429257,22.501,73.82218084
725542.848,4162571.881,1,3756,8.0806066291051,20.123000000000005,66.02034332000001
725547.212,4162574.764,1,3700,8.65907003974064,23.155999999999995,75.97113103999999
725550.581,4162576.456,1,3672,9.20332332745671,22.029,72.27362436
725552.172,4162578.007,1,3641,8.76243664349539,22.376,73.41207584
725553.855,4162578.905,1,3631,8.86108668290111,22.229,72.92979236
725555.474,4162579.596,1,191,8.1027467022708,21.437,70.33136708
725561.061,4162583.807,1,3537,9.75384334238097,21.533,70.64632772
725563.321,4162585.56,1,3505,9.6997033788427,22.679999999999996,74.40945119999999
725493.592,4162528.541,1,4293,9.13626189604398,21.429,70.30512035999999
725496.208,4162529.774,1,4284,9.85213334270997,21.892,71.82414928
725497.801,4162531.028,1,4276,9.01138667169657,21.359,70.07546156000001
725499.545,4162531.75,1,4271,9.28651000553117,21.867,71.74212828
725500.996,4162533.019,1,4265,9.18101000613487,21.652,71.03674768
725502.434,4162534.139,1,4256,9.3434700313043,21.489,70.50197076
725504.287,4162534.438,1,4251,9.60964000717337,21.362000000000002,70.08530408
725505.611,4162536.621,1,4241,8.54420003344842,21.313,69.92454292
725507.274,4162535.588,1,219,8.42554672294911,20.417,66.98491028000001
725509.009,4162537.387,1,218,9.46370669174146,20.589,67.54921476
725510.171,4162538.855,1,4219,9.89223335221374,21.828000000000003,71.61417552
725512.131,4162540.052,1,4208,9.45093999221469,21.677,71.11876868
725514.329,4162541.494,1,4189,9.37326999806166,20.816,68.29396544
725516.405,4162543.063,1,4180,9.87958664215367,21.914,71.89632776
725522.296,4162546.717,1,4143,10.3141533186197,20.524,67.33596016
725524.176,4162548.029,1,4132,10.1983133349397,21.460999999999995,70.41010723999999
725529.168,4162550.843,1,4088,10.1913766619171,20.308,66.62729872
725534.235,4162555.517,1,4035,8.88551005912586,21.505,70.5544642
725535.22,4162553.631,1,213,9.25417002313143,20.672000000000004,67.82152448000001
725535.65,4162556.423,1,4021,8.58475664016869,19.7,64.632548
725537.379,4162557.197,1,4007,9.2308533477273,20.706,67.93307304
725538.944,4162558.219,1,3993,9.42739331311223,21.519000000000002,70.60039596
725540.302,4162559.58,1,3973,9.01991668043066,20.779,68.17257436
725541.873,4162560.576,1,3956,9.12732002200456,22.163000000000004,72.71325692
725544.079,4162560.62,1,3943,9.71686332245544,22.161999999999995,72.70997607999999
725545.442,4162561.854,1,3926,9.7358566814708,22.657,74.33399188
725546.997,4162562.638,1,3910,9.49181335710824,21.338,70.00656392
725547.95,4162564.486,1,3886,9.26059002679985,22.452,73.66141968000001
725549.844,4162565.418,1,3868,9.47929668644374,22.238,72.95931992
725551.617,4162566.168,1,3851,9.46361001854604,21.764,71.40420175999999
725552.468,4162567.857,1,3832,9.01091670846369,22.353,73.33661652
725554.123,4162568.586,1,3818,8.6465533477519,23.006,75.47900504
725554.375,4162566.341,1,205,8.63932669599104,21.511,70.57414924
725555.617,4162569.598,1,3798,8.57052670334907,22.909,75.16076355999999
725557.337,4162570.507,1,3782,9.17361004008867,23.594,77.40813896
725560.912,4162572.629,1,3745,10.0911166968841,23.104000000000003,75.80052736
725564.856,4162575.444,1,3687,9.68505999315061,21.12,69.2913408
725567.788,4162578.109,1,3653,9.9670933624562,20.895,68.5531518
725492.347,4162530.966,1,4281,9.76000667112824,20.763,68.12008092
725494.227,4162532.811,1,4266,9.76095666669337,21.437,70.33136708
725499.196,4162535.942,1,4243,8.33924337374241,21.239,69.68176076
725501.722,4162537.435,1,4232,7.5020800160323,21.208,69.58005471999999
725503.779,4162538.422,1,4224,8.7710733502566,21.046,69.04855864
725505.031,4162539.979,1,4210,8.82694005224873,21.689,71.15813876
725506.887,4162540.602,1,4204,8.92509005178091,21.149,69.38648516
725508.372,4162541.522,1,4198,8.46706999272837,20.62,67.65092080000001
725510.161,4162542.586,1,4185,8.90037334850987,21.457,70.39698388000001
725511.134,4162543.963,1,4175,8.54189333944253,20.144,66.08924096
725512.573,4162544.874,1,4167,8.65029670116664,20.15,66.108926
725514.199,4162545.675,1,4159,8.78179670590573,21.441,70.34449044
725519.025,4162549.112,1,4120,9.65917002473878,20.399,66.92585516
725525.249,4162553.099,1,4070,8.56487665980306,20.368000000000002,66.82414912
725526.663,4162554.043,1,212,8.3429866682019,20.506,67.27690504
725528.324,4162555.104,1,4042,9.49110668295117,21.413,70.25262692
725531.177,4162556.936,1,4011,9.47165667607904,20.424,67.00787616
725533.953,4162558.835,1,3987,7.72169667027353,20.541000000000004,67.39173444000001
725535.94,4162560.074,1,3967,8.8369200355737,20.545,67.4048578
725538.285,4162561.789,1,207,8.14472667511963,20.348,66.75853232
725540.263,4162562.988,1,3914,8.83109000344066,21.993,72.15551411999999
725541.559,4162564.346,1,3891,8.69026000329003,22.072,72.41470048
725543.21,4162565.121,1,3879,8.93705666018553,21.404000000000003,70.22309936
725544.984,4162565.938,1,3862,8.99670335799967,22.596999999999998,74.13714148
725546.222,4162567.1,1,203,8.6309800025238,21.46,70.4068264
725548.242,4162567.562,1,3835,8.73960669523473,22.598,74.14042232
725549.493,4162569.012,1,3807,8.14013670002396,22.318,73.22178712
725551.135,4162570.08,1,3785,8.47240337674059,22.988999999999997,75.42323076
725552.786,4162571.282,1,3771,8.4426000346809,22.058000000000003,72.36876872
725555.075,4162572.95,1,3731,8.8138367007377,22.261,73.03477923999999
725557.166,4162573.621,1,3718,8.74248003228473,23.244,76.25984496
725561.326,4162576.607,1,3665,9.64408001624264,22.133,72.61483172
725563.49,4162577.906,1,3646,9.61442335273036,22.022,72.25065848
725439.464,4162715.255,1,414,9.44950335104934,21.68,71.1286112
725443.335,4162717.554,1,393,8.00570001673819,20.81,68.2742804
725444.899,4162718.684,1,380,8.55492671849777,21.715,71.2434406
725446.543,4162719.494,1,374,8.11395331645173,20.843,68.38254812
725447.935,4162720.457,1,363,8.13306332078316,20.911,68.60564524
725449.489,4162721.688,1,353,7.9569933255108,20.881000000000004,68.50722004
725450.889,4162722.603,1,345,7.73866333701693,19.798,64.95407032
725452.42,4162723.463,1,341,8.42336336604109,21.972,72.08661648
725454.154,4162724.176,1,332,8.15660000617404,20.373,66.84055332
725455.367,4162725.498,1,324,7.77904667267033,20.695,67.8969838
725457.245,4162726.762,1,313,7.9381333236203,21.504000000000005,70.55118336000001
725461.522,4162729.467,1,294,8.969973350207,21.828000000000003,71.61417552
725466.098,4162732.667,1,274,8.58091667802261,21.777,71.44685268
725468.119,4162733.242,1,272,8.36262333925697,20.304999999999996,66.61745619999999
725469.272,4162734.775,1,265,8.44994001464936,20.922,68.64173448
725470.692,4162735.842,1,261,7.8999433314665,21.462,70.41338808
725472.188,4162736.681,1,255,8.08355667545596,20.435999999999996,67.04724623999999
725473.943,4162737.479,1,251,7.93255333340553,20.816,68.29396544
725477.326,4162740.185,1,241,8.97717669832658,19.602,64.31102568
725440.414,4162725.266,1,326,8.57393003876563,19.872,65.19685248
725454.815,4162692.629,1,696,9.47075003969834,21.952,72.02099968
725457.054,4162694.149,1,667,9.37620003002247,21.396,70.19685264
725460.376,4162696.088,1,645,8.0678033315246,21.296,69.86876864
725461.889,4162696.911,1,628,8.66225334701183,21.769999999999996,71.42388679999999
725463.735,4162697.634,1,619,8.36034999014526,21.094999999999995,69.20931979999999
725464.892,4162699.245,1,603,8.59640000076087,20.669,67.81168196
725466.587,4162699.839,1,595,8.05789999765346,21.623,70.94160332
725468.272,4162700.823,1,579,8.00214664834919,21.322,69.95407048
725469.773,4162701.934,1,566,8.35004334772749,20.929,68.66470036
725471.235,4162703.138,1,555,8.45233667385116,21.107,69.24868988
725472.647,4162704.061,1,542,8.05770333336163,19.531000000000002,64.07808604
725474.243,4162705.146,1,528,8.256363333599,20.016,65.66929343999999
725475.577,4162706.12,1,518,8.12393333696884,19.368000000000002,63.54330912
725477.191,4162706.845,1,508,8.20892999030649,20.132,66.04987088
725478.653,4162708.04,1,492,8.43533665896963,21.564,70.74803376
725480.445,4162709.092,1,482,8.38685000304569,22.804,74.81627535999999
725481.965,4162709.977,1,473,8.66350666970599,20.724000000000004,67.99212816000001
725486.175,4162712.988,1,438,9.37644004781484,20.177,66.19750868
725492.74,4162717.315,1,398,8.90707667476803,20.05,65.780842
725458.025,4162661.695,1,1468,8.41297000620504,21.166,69.44225944
725460.581,4162663.49,1,1422,8.82434001817414,21.625,70.948165
725463.514,4162665.357,1,1361,8.14623336677823,22.326,73.24803384
725465.362,4162666.653,1,1322,8.69352000222116,21.067,69.11745628
725466.925,4162667.323,1,1308,8.27880668256487,20.762,68.11680008
725468.524,4162668.245,1,1281,8.8283300145903,21.679,71.12533035999999
725469.842,4162669.486,1,1241,8.24911336885776,20.393,66.90617012
725471.3,4162670.472,1,1218,8.05145665952029,20.199,66.26968716
725472.662,4162671.312,1,1195,8.69858334463173,21.423,70.28543531999999
725474.157,4162672.597,1,1159,8.6569833994827,21.525,70.620081
725475.919,4162673.282,1,1139,8.31255334738803,20.87,68.4711308
725477.244,4162674.382,1,1106,8.5215100164841,20.956,68.75328304
725478.934,4162675.252,1,1085,8.81764332087944,20.942,68.70735128
725480.492,4162676.235,1,1056,8.33244998261893,20.126,66.03018584
725487.995,4162681.443,1,916,8.93080999405609,20.89,68.5367476
725493.007,4162684.359,1,854,9.4435133032713,21.798,71.51575032
725495.699,4162686.518,1,810,9.2334900320067,21.378000000000004,70.13779752
725467.036,4162652.681,1,1708,8.2887866687238,21.248,69.71128832000001
725468.638,4162654.192,1,1683,8.55307332403184,20.577,67.50984468
725470.671,4162655.103,1,1656,8.12480334942749,20.291,66.57152444
725472.937,4162656.854,1,1601,7.7094266816371,21.039,69.02559276000001
725474.81,4162657.9,1,1570,8.61020667747733,21.841,71.65682644
725476.282,4162658.959,1,1541,8.44197666004881,21.183,69.49803372
725477.96,4162660.021,1,1509,8.12528666622636,20.642,67.72309928
725479.542,4162660.829,1,1489,8.5956033160256,19.776999999999997,64.88517268
725480.739,4162662.164,1,1457,8.67896668532253,21.52,70.6036768
725482.339,4162663.183,1,1429,8.46117673132343,20.098,65.93832232
725483.878,4162664.189,1,1400,8.8921633469919,21.45,70.37401799999999
725485.431,4162664.868,1,1381,8.38944001542376,19.784,64.90813856
725486.841,4162666.315,1,1337,8.22066003749584,21.243,69.69488412
725488.536,4162667.2,1,1310,8.54562668422127,20.809,68.27099956
725490.041,4162668.31,1,1282,8.54801668004203,22.143,72.64764012
725491.458,4162669.438,1,1243,9.01569333558512,20.637,67.70669508
725494.437,4162671.25,1,1197,8.61705000268623,21.104,69.23884736
725497.769,4162673.156,1,1140,9.26019671372763,21.422,70.28215448
725502.91,4162676.536,1,1058,10.0384933148634,20.408,66.95538272
725440.258,4162614.168,1,2883,8.86252334381123,20.546000000000003,67.40813864
725442.518,4162615.106,1,2855,8.54003666874599,20.63,67.6837292
725443.719,4162616.337,1,2821,7.81686332115576,21.27,69.7834668
725445.332,4162617.135,1,2796,8.7730599767296,20.116,65.99737744
725446.565,4162618.609,1,2760,7.42056334366827,20.2,66.27296799999999
725449.853,4162620.223,1,2698,8.66800333093583,20.811,68.27756124
725452.811,4162621.812,1,2648,8.6454633410185,20.351,66.76837483999999
725454.412,4162623.141,1,2619,8.44399667464303,20.461,67.12926723999999
725455.885,4162624.221,1,2580,7.81325002157041,19.329,63.41535636
725457.157,4162625.167,1,2557,8.665643329233,20.839000000000002,68.36942476
725458.818,4162626.362,1,2521,8.07590999715207,20.273,66.51246932
725460.546,4162627.325,1,2490,8.3443800027488,19.967,65.50853228
725462.159,4162628.073,1,2471,8.60722334562342,21.153,69.39960852
725463.587,4162629.452,1,2435,8.29979002929183,20.129,66.04002836000001
725465.46,4162630.316,1,2409,8.16769335816686,20.648,67.74278432
725468.018,4162631.982,1,2332,7.19325001367817,19.774,64.87533016
725469.689,4162633.176,1,2314,7.82024667812237,19.534,64.08792856
725471.125,4162633.578,1,2296,8.10137669594199,19.943999999999996,65.43307295999999
725472.415,4162635.003,1,2247,8.75651003564713,20.387,66.88648508
725475.959,4162636.995,1,2185,8.91161338062417,21.774,71.43701016
725479.447,4162639.186,1,2123,8.34390003477976,20.799,68.23819116
725481.842,4162641.008,1,2053,7.94859004439673,21.110999999999997,69.26181324
725483.626,4162642.048,1,2028,8.54330002906747,20.306000000000004,66.62073704000001
725485.256,4162643.108,1,1995,7.93356000803306,21.359,70.07546156000001
725486.762,4162644.293,1,1960,8.36449668553637,21.369,70.10826996
725488.666,4162644.473,1,1951,8.66282665701843,21.447,70.36417548
725489.914,4162646.106,1,1902,8.6271100072328,22.317,73.21850628
725493.04,4162647.955,1,1845,8.95105002656867,22.54,73.9501336
725498.782,4162652.187,1,1728,8.77376666817873,22.172,72.74278448
725500.796,4162653.385,1,1705,8.50731003888256,20.877,68.49409668
725506.458,4162657.278,1,1589,9.10122003697281,21.463,70.41666892
725511.266,4162660.267,1,1516,9.16082998981416,21.587000000000003,70.82349308
725497.575,4162607.209,1,3075,9.7265500208534,22.679,74.40617035999999
725502.818,4162610.1,1,2997,8.86604665494287,22.681000000000004,74.41273204000001
725503.685,4162611.529,1,2965,9.02480666115851,21.052,69.06824368
725505.442,4162612.35,1,2941,8.79775000720876,21.999,72.17519915999999
725507.18,4162613.013,1,2921,8.80173335218767,22.14,72.6377976
725508.26,4162614.758,1,2879,8.7735200291551,22.23,72.9330732
725510.095,4162615.641,1,2846,7.88470334770659,21.218,69.61286312
725511.637,4162616.729,1,2810,8.01141666931689,21.109,69.25525156
725513.053,4162617.741,1,2784,8.29326335281815,21.034,69.00918856
725514.97,4162618.778,1,2752,8.0823933580099,21.377,70.13451667999999
725517.524,4162620.487,1,2694,8.77001000306057,22.304,73.17585536
725519.664,4162621.829,1,2658,8.86368338512727,21.120999999999995,69.29462163999999
725521.77,4162623.452,1,2605,8.28645003491191,21.575,70.784123
725523.719,4162624.808,1,2564,8.91642666615317,22.38,73.4251992
725525.5,4162625.407,1,2547,8.67368668353117,21.654999999999998,71.0465902
725533.832,4162631.212,1,2375,9.50413000711396,20.914,68.61548776000001
725504.215,4162597.024,1,3284,9.69712998900175,21.399000000000004,70.20669516000001
725509.124,4162600.173,1,3225,8.23288671370059,21.886,71.80446424
725510.774,4162600.955,1,3210,7.87067669747179,20.384000000000004,66.87664256000001
725511.618,4162602.239,1,3187,8.24591670762283,21.350999999999996,70.04921483999999
725513.417,4162603.299,1,3166,8.68916002626391,21.41,70.2427844
725515.213,4162604.217,1,3143,8.92213333313099,22.093,72.48359812
725516.692,4162605.349,1,3123,8.359580002531,21.182,69.49475288
725518.197,4162606.419,1,3096,8.56138664794576,21.385,70.16076340000001
725519.738,4162607.2,1,3077,8.61225000461077,20.699,67.91010716000001
725521.257,4162608.236,1,3053,8.37382335840813,21.449,70.37073716
725522.769,4162609.454,1,3019,8.5165266763567,21.084,69.17323056
725524.614,4162610.546,1,2989,8.81349002525091,20.95,68.733598
725527.075,4162612.145,1,2942,8.44132004605867,21.825,71.604333
725528.607,4162613.541,1,2909,8.8617599927982,22.167,72.72638028
725530.398,4162614.67,1,2880,8.2325533846716,22.35,73.326774
725533.091,4162616.37,1,2819,8.21386667938607,21.441,70.34449044
725534.781,4162617.518,1,2785,8.05776668101983,20.801999999999996,68.24803367999999
725539.614,4162620.885,1,2688,9.18839002021165,23.176999999999996,76.04002867999999
725542.807,4162621.369,1,2659,9.26189670055747,20.159000000000002,66.13845356
725510.884,4162587.036,1,3470,9.5603366817387,20.865000000000002,68.4547266
725514.203,4162589.128,1,3430,8.43514999285277,21.479,70.46916236
725515.884,4162590.194,1,3412,8.74162333596284,21.475,70.456039
725517.314,4162591.449,1,3391,8.67421667323593,21.089,69.18963475999999
725518.973,4162592.099,1,3376,8.55853667728893,20.762,68.11680008
725520.103,4162593.391,1,3361,8.91853332245116,20.136,66.06299424
725521.625,4162594.208,1,3339,8.1954566753422,21.082,69.16666888
725523.227,4162595.457,1,3315,8.59451003482986,22.378,73.41863752
725524.808,4162596.137,1,3302,7.949276660414,21.186,69.50787624
725526.171,4162597.257,1,3277,8.19909666243877,21.424,70.28871615999999
725528.008,4162597.993,1,3269,8.67469339291754,22.263,73.04134092000001
725529.257,4162599.331,1,3240,7.89858333492033,20.89,68.5367476
725531.012,4162600.27,1,3226,8.66558670029937,21.685999999999996,71.14829624
725531.987,4162601.59,1,3203,8.51790338130877,22.917,75.18701028000001
725534.201,4162602.23,1,3188,7.67541334996404,20.88,68.50393919999999
725537.269,4162604.462,1,3137,9.2042533274409,22.153,72.68044852
725541.514,4162607.431,1,3071,8.8201166721046,22.641,74.28149844
725543.255,4162608.458,1,3045,8.7711733227806,22.683,74.41929372
725546.848,4162610.315,1,3000,9.35551669197546,22.92,75.1968528
725477.985,4162551.716,1,4083,9.11471332735267,20.637,67.70669508
725480.016,4162553.334,1,4062,8.86273335404331,21.535000000000004,70.6528894
725481.919,4162554.242,1,4049,8.78147668201176,20.604,67.59842736
725483.49,4162555.335,1,4032,7.97977000575276,21.564,70.74803376
725485.056,4162556.478,1,4018,8.81401667727067,21.799,71.51903116
725486.711,4162557.452,1,4003,8.19097333163169,22.462,73.69422808
725488.086,4162558.31,1,3991,8.70149667713277,21.356,70.06561904
725489.746,4162559.011,1,3980,8.616026695142,22.993,75.43635411999999
725491.167,4162560.271,1,3960,8.73885333801117,22.096,72.49344064
725492.957,4162561.043,1,3940,8.66847334408213,21.388,70.17060592
725494.449,4162562.095,1,3929,8.24533669330127,21.06,69.0944904
725496.172,4162562.907,1,3912,8.8954133394474,21.626,70.95144584
725497.448,4162564.09,1,3894,8.7734233422247,20.283,66.54527772
725498.853,4162565.357,1,3872,8.45681002368356,20.264,66.48294176
725500.523,4162566.011,1,3859,8.48928334825493,20.498,67.25065832
725501.938,4162566.986,1,3841,8.05392334091783,20.66,67.7821544
725503.516,4162568.222,1,3821,7.98525000056393,21.1,69.225724
725505.129,4162569.241,1,3801,8.2248133500034,21.086,69.17979224
725507.064,4162569.841,1,3789,8.60326000111663,21.272,69.79002847999999
725508.196,4162571.103,1,3769,8.4675566406808,19.95,65.452758
725510.016,4162572.298,1,3752,8.42203002862833,20.703000000000003,67.92323052
725512.836,4162574.154,1,3713,8.98376328285364,21.419,70.27231196
725515.636,4162575.835,1,3680,8.09539668003884,20.558,67.44750872
725517.644,4162577.216,1,3660,7.93580335106529,20.129,66.04002836000001
725520.289,4162578.761,1,3620,8.55015334782424,20.283999999999995,66.54855855999999
725528.234,4162583.943,1,3528,9.29915664849764,22.709,74.50459556
725533.082,4162587.103,1,3476,8.63084331189147,20.827999999999996,68.33333551999999
725534.67,4162587.999,1,3453,8.24005667579823,21.374,70.12467416
725536.226,4162589.493,1,3432,8.24958336135896,20.367,66.82086828
725538.783,4162590.899,1,3400,8.86499666505874,22.164,72.71653776000001
725540.378,4162592.407,1,3378,8.99465332267206,21.837999999999997,71.64698392
725546.847,4162596.362,1,3303,9.50449340127633,23.216,76.16798144
725548.229,4162597.057,1,3288,9.69889668487287,21.912,71.88976608
725551.53,4162598.896,1,3251,9.77428332656344,22.684,74.42257456
725553.17,4162600.452,1,3227,10.5321133197596,21.963,72.05708892
725484.766,4162541.815,1,4194,9.68365335706716,21.154,69.40288936
725490.679,4162545.424,1,4161,8.68173335556417,21.547,70.69225948
725492.356,4162546.246,1,4147,8.38138334214056,22.006000000000004,72.19816504
725495.181,4162548.328,1,4129,9.2782566604418,20.894,68.54987095999999
725498.422,4162550.268,1,4107,8.3551366752892,21.27,69.7834668
725499.906,4162551.09,1,4093,7.99795665387236,20.505,67.2736242
725501.279,4162552.228,1,4080,8.27378666759203,21.014,68.94357176
725502.791,4162553.206,1,4069,9.0034466958466,21.935,71.9652254
725504.419,4162554.168,1,4053,8.20721000926567,22.195,72.8182438
725506.111,4162555.223,1,4033,9.12561001093379,22.360999999999997,73.36286324
725507.646,4162555.988,1,4025,8.71838002256287,21.077,69.15026468
725509.128,4162556.568,1,4020,8.58288001919033,20.726,67.99868984
725510.636,4162557.805,1,4000,8.09956331839716,21.834,71.63386056
725512.155,4162559.199,1,3981,8.6562233331998,21.392,70.18372928
725513.729,4162560.11,1,3963,8.00608001812176,21.178,69.48162952
725515.337,4162561.166,1,3945,8.16912665241826,20.501,67.26050084
725516.852,4162562.306,1,3931,8.21469665408356,19.650999999999996,64.47178684
725518.332,4162563.088,1,3913,8.46225000998217,20.543,67.39829612
725519.745,4162564.251,1,3895,8.70644332566863,21.998,72.17191832
725521.477,4162565.136,1,3877,7.96973665883146,20.553,67.43110452
725522.942,4162566.068,1,3860,8.7623233170521,20.551000000000002,67.42454284
725524.402,4162566.872,1,3847,8.30265668781056,20.74,68.0446216
725525.814,4162567.918,1,3830,7.88344334895987,20.864,68.45144576
725527.365,4162568.775,1,3816,8.29228999991007,21.083,69.16994971999999
725529.098,4162569.941,1,3793,7.91237337749863,20.922,68.64173448
725531.752,4162571.786,1,3755,7.77673003382637,21.450999999999997,70.37729884
725533.702,4162572.795,1,3736,9.08903668603881,21.164000000000005,69.43569776000001
725535.496,4162573.44,1,3725,8.64331335613763,21.538,70.66273192
725536.515,4162574.753,1,3699,8.4574733514982,20.355,66.7814982
725538.138,4162575.97,1,3682,7.90875668233603,20.663,67.79199692
725540.209,4162577.667,1,3645,7.96115334506527,20.173,66.18438531999999
725542.362,4162578.874,1,3630,8.9252400190507,22.24,72.96588159999999
725544.061,4162579.897,1,3608,8.7455000187712,21.238,69.67847992
725548.276,4162582.736,1,3549,9.25751662562097,21.897,71.84055348
725554.726,4162586.979,1,3482,9.69959668088477,22.475999999999996,73.74015983999999
725559.43,4162590.124,1,3423,9.56644667247273,21.51,70.57086840000001
