plot,tree_no,YST,DBH,HT,DBH+1,HT+1,DBH+2,HT+2,DBH+3,HT+3,DBH+4,HT+4,DBH+5,HT+5
1,369,24,10.2029000004061,72.06036976,10.234,73.226,10.273,74.343,10.313,75.415,10.347,76.445,10.377,77.436
1,355,24,9.079240011921,67.69029088,9.091,68.665,9.106,69.598,9.121,70.493,9.134,71.352,9.145,72.178
1,344,24,8.35564000674657,68.04790244,8.363,68.947,8.372,69.808,8.381,70.633,8.389,71.425,8.396,72.186
1,322,24,9.08799334755881,71.77165584000001,9.093,72.613,9.1,73.444,9.107,74.241,9.113,75.006,9.119,75.741
1,315,24,9.01002662012898,71.74868996,9.014,72.551,9.02,73.352,9.026,74.12,9.031,74.857,9.035,75.566
1,302,24,9.53799336252437,69.7014458,9.541,70.49,9.547,71.284,9.553,72.046,9.558,72.778,9.562,73.482
1,293,24,9.16767668240294,70.28543531999999,9.17,71.02,9.174,71.765,9.178,72.48,9.181,73.166,9.184,73.826
1,285,24,8.76251336654387,67.09973968,8.764,67.815,8.767,68.539,8.77,69.234,8.773,69.902,8.775,70.541
1,278,24,9.60305997899983,69.5866164,9.606,70.355,9.611,71.138,9.616,71.889,9.62,72.61,9.624,73.304
1,276,24,9.11692002482594,67.03084204,9.119,67.748,9.122,68.481,9.125,69.184,9.128,69.86,9.13,70.51
1,269,24,8.78532001215833,66.18766615999999,8.787,66.886,8.79,67.599,8.793,68.283,8.795,68.94,8.797,69.572
1,10,24,8.33927002332423,64.44882095999999,8.34,65.12,8.342,65.807,8.344,66.466,8.346,67.1,8.347,67.71
1,262,24,8.65008332694963,66.01378163999999,8.651,66.715,8.654,67.435,8.657,68.126,8.659,68.787,8.661,69.423
1,257,24,9.0020367154876,70.65945108,9.004,71.387,9.008,72.132,9.012,72.847,9.015,73.534,9.018,74.194
1,8,24,8.54279664234083,64.35695744,8.544,65.074,8.547,65.795,8.55,66.487,8.553,67.152,8.555,67.792
1,248,24,8.76108332469729,67.25065832,8.763,67.996,8.767,68.747,8.771,69.467,8.774,70.159,8.777,70.824
1,242,24,8.05504338561857,66.35170816,8.057,67.069,8.06,67.791,8.063,68.483,8.065,69.148,8.067,69.787
1,239,24,8.97326000201716,66.92257432,8.978,67.765,8.986,68.612,8.995,69.424,9.002,70.204,9.008,70.954
1,4,24,8.19706998221947,60.87926704,8.206,61.804,8.218,62.706,8.23,63.571,8.241,64.402,8.25,65.201
1,232,24,9.83007665415343,67.73950348,9.855,68.853,9.887,69.926,9.92,70.956,9.948,71.946,9.973,72.899
1,443,24,9.6358833255465,70.63648520000001,9.642,71.514,9.651,72.368,9.66,73.187,9.668,73.974,9.675,74.731
1,430,24,8.75381333162413,69.34711508,8.755,70.065,8.758,70.775,8.761,71.456,8.763,72.111,8.765,72.741
1,421,24,8.9635466846718,68.71063212,8.965,69.409,8.967,70.109,8.969,70.78,8.971,71.425,8.973,72.045
1,410,24,8.09311334282003,69.143703,8.094,69.787,8.095,70.442,8.096,71.07,8.097,71.674,8.098,72.254
1,389,24,8.5292100061616,67.70997592,8.53,68.353,8.532,69.028,8.534,69.675,8.535,70.297,8.536,70.895
1,362,24,8.49734998561173,69.03215444,8.498,69.623,8.499,70.258,8.5,70.867,8.501,71.453,8.502,72.017
1,343,24,8.49379002616477,72.95275824000001,8.494,73.52,8.495,74.128,8.496,74.711,8.497,75.272,8.497,75.811
1,336,24,8.98610334889393,72.88714144000001,8.986,73.448,8.987,74.054,8.988,74.636,8.989,75.195,8.989,75.733
1,18,24,8.58343331316536,69.28149828000001,8.583,69.823,8.583,70.4,8.583,70.954,8.583,71.487,8.583,72.0
1,321,24,8.74093999301883,72.24737764,8.741,72.794,8.741,73.38,8.741,73.943,8.741,74.483,8.741,75.003
1,308,24,8.68083334978514,68.0446216,8.681,68.605,8.682,69.2,8.683,69.771,8.683,70.32,8.683,70.849
1,305,24,8.70774335046767,68.29724628,8.708,68.86,8.709,69.465,8.71,70.046,8.711,70.605,8.711,71.143
1,297,24,8.67412338594526,71.2598448,8.674,71.834,8.675,72.448,8.676,73.037,8.677,73.603,8.678,74.148
1,289,24,7.63927334122247,71.49606528000001,7.639,72.039,7.639,72.609,7.639,73.157,7.639,73.683,7.639,74.19
1,277,24,8.1544666865631,71.98491044,8.155,72.566,8.156,73.177,8.157,73.764,8.158,74.328,8.159,74.87
1,11,24,8.123140007047,68.13648512,8.123,68.73,8.124,69.353,8.125,69.95,8.126,70.524,8.127,71.077
1,9,24,7.63850001138247,62.7952776,7.639,63.408,7.64,64.042,7.641,64.65,7.642,65.234,7.643,65.796
1,258,24,8.1198100045272,66.07283676,8.121,66.734,8.123,67.409,8.125,68.057,8.126,68.679,8.127,69.278
1,252,24,8.70934334259257,67.0767738,8.712,67.846,8.717,68.626,8.722,69.374,8.726,70.092,8.73,70.783
1,527,24,9.51942998088084,69.66207572,9.523,70.471,9.531,71.302,9.539,72.099,9.546,72.865,9.552,73.602
1,509,24,9.04496004114697,69.95078964000001,9.046,70.631,9.049,71.347,9.052,72.034,9.054,72.694,9.056,73.329
1,496,24,8.62043669567331,66.69947719999999,8.621,67.331,8.623,68.008,8.625,68.658,8.627,69.282,8.628,69.882
1,454,24,7.67807331999166,66.26312548,7.678,66.813,7.679,67.451,7.68,68.063,7.681,68.651,7.682,69.217
1,422,24,8.35951669505804,68.5531518,,,,,,,,,,
1,26,24,7.77705002056466,66.47966092,,,,,,,,,,
1,394,24,8.84373666583296,70.22309936,,,,,,,,,,
1,381,24,9.08544003448969,67.5688998,,,,,,,,,,
1,364,24,8.4695400108822,69.87204948,,,,,,,,,,
1,22,24,8.67377334878737,65.79068452,,,,,,,,,,
1,346,24,9.19640327993031,68.27756124,9.196,68.832,9.198,69.519,9.2,70.179,9.202,70.813,9.204,71.423
1,325,24,8.4014833445714,68.64501532,8.402,69.198,8.403,69.826,8.404,70.429,8.405,71.009,8.406,71.567
1,316,24,8.05874669077953,70.08858492,8.059,70.636,8.06,71.234,8.061,71.808,8.061,72.36,8.061,72.891
1,15,24,8.84261998377286,67.22769244,8.843,67.827,8.844,68.47,8.845,69.087,8.846,69.68,8.847,70.251
1,300,24,8.60956998033129,67.913388,8.61,68.532,8.611,69.185,8.612,69.811,8.613,70.413,8.614,70.992
1,295,24,9.43091331886634,67.08989716,9.433,67.822,9.438,68.596,9.443,69.339,9.447,70.053,9.451,70.739
1,474,24,9.215986688818,75.77428064,9.221,76.614,9.228,77.44,9.235,78.232,9.241,78.992,9.246,79.722
1,453,24,9.02683333844624,71.1614196,9.028,71.878,9.031,72.603,9.034,73.299,9.037,73.967,9.039,74.609
1,444,24,8.39484000645544,68.18241688,8.395,68.829,8.397,69.495,8.399,70.134,8.4,70.748,8.401,71.339
1,415,24,7.74791000887307,70.90879491999999,7.748,71.496,7.749,72.114,7.75,72.707,7.751,73.277,7.752,73.825
1,411,24,8.19409337351119,69.67191824,8.194,70.256,8.195,70.88,8.196,71.479,8.197,72.054,8.198,72.608
1,400,24,8.63820998747851,70.620081,8.638,71.21,8.639,71.847,8.64,72.459,8.641,73.047,8.642,73.611
1,390,24,8.2984033600198,71.45341436,8.299,72.024,8.3,72.645,8.301,73.241,8.302,73.813,8.303,74.364
1,371,24,9.00130670424873,67.6017082,9.002,68.188,9.003,68.84,9.004,69.466,9.005,70.067,9.006,70.646
1,360,24,8.80817668513336,67.44750872,8.808,68.01,8.809,68.644,8.81,69.253,8.811,69.836,8.812,70.397
1,19,24,7.25186332981583,63.513781560000005,,,,,,,,,,
1,330,24,9.39164999127973,74.47834884,9.392,75.043,9.393,75.688,9.394,76.307,9.395,76.902,9.396,77.474
1,323,24,8.96217335648967,71.18766632,8.962,71.751,8.963,72.391,8.964,73.006,8.965,73.597,8.966,74.165
1,298,24,8.67001334753076,69.37992347999999,8.67,69.952,8.671,70.574,8.672,71.171,8.673,71.745,8.674,72.297
1,292,24,8.7115033489876,70.73491039999999,8.712,71.306,8.713,71.915,8.714,72.499,8.715,73.061,8.715,73.602
1,287,24,8.5430966610221,66.61745619999999,8.543,67.197,8.544,67.811,8.545,68.401,8.546,68.968,8.547,69.514
1,275,24,7.52219668710633,65.19357164,7.522,65.768,7.523,66.363,7.524,66.934,7.524,67.483,7.524,68.011
1,271,24,8.62802666688587,69.67519908,8.629,70.325,8.631,70.998,8.633,71.643,8.634,72.263,8.635,72.86
1,263,24,8.93377668869053,68.84514656,8.936,69.601,8.941,70.38,8.946,71.127,8.95,71.845,8.954,72.535
1,559,24,8.76015668308816,64.53740364,8.762,65.263,8.766,66.023,8.77,66.752,8.774,67.452,8.777,68.126
1,541,24,9.76002331621643,72.0800548,9.761,72.781,9.765,73.533,9.769,74.254,9.772,74.944,9.775,75.608
1,530,24,8.9778433514057,72.74606532,8.978,73.371,8.98,74.048,8.982,74.697,8.983,75.321,8.984,75.921
1,516,24,8.5224366826608,66.94225936,8.523,67.525,8.524,68.172,8.525,68.793,8.526,69.389,8.527,69.963
1,504,24,8.33029333282425,68.88779748,8.33,69.461,8.331,70.105,8.332,70.723,8.333,71.317,8.334,71.888
1,486,24,8.12624002893767,68.98622268,8.126,69.538,8.127,70.203,8.128,70.841,8.129,71.454,8.13,72.043
1,471,24,8.3725666609848,64.632548,8.373,65.178,8.375,65.867,8.377,66.528,8.379,67.163,8.381,67.774
1,466,24,8.60097330767996,70.17388676,,,,,,,,,,
1,452,24,8.87099001630987,71.69291568,,,,,,,,,,
1,429,24,8.50493333588756,65.37401784,,,,,,,,,,
1,420,24,8.34622000224706,68.24475283999999,,,,,,,,,,
1,405,24,8.49739003942754,65.24606508000001,,,,,,,,,,
1,387,24,8.33977002315149,70.43635396,,,,,,,,,,
1,377,24,9.11786668681411,71.47638024,,,,,,,,,,
1,372,24,8.73576000485103,66.21719372,,,,,,,,,,
1,358,24,8.555169993773,69.98031719999999,,,,,,,,,,
1,354,24,8.87927000191777,71.59449047999999,8.879,72.139,8.881,72.808,8.883,73.45,8.884,74.067,8.885,74.661
1,20,24,8.00829002003669,68.36286308,,,,,,,,,,
1,333,24,8.58726001266794,67.0767738,8.587,67.634,8.588,68.257,8.589,68.855,8.59,69.43,8.591,69.983
1,327,24,8.70203332053899,70.784123,8.702,71.364,8.703,71.991,8.704,72.593,8.705,73.171,8.706,73.727
1,318,24,8.74705666280041,69.41273188,8.748,70.053,8.75,70.736,8.752,71.391,8.754,72.021,8.755,72.627
1,594,24,10.3357833509292,74.12729896,10.339,74.929,10.349,75.79,10.359,76.616,10.367,77.41,10.374,78.17
1,568,24,8.68378331915757,65.2559076,8.684,65.901,8.687,66.611,8.69,67.292,8.692,67.946,8.694,68.576
1,549,24,7.7834700095834,68.487535,7.784,69.053,7.785,69.689,7.786,70.297,7.787,70.881,7.788,71.443
1,535,24,8.44722669292857,71.09252196,8.447,71.664,8.449,72.34,8.451,72.988,8.452,73.61,8.453,74.209
1,525,24,8.46165667730281,68.13976595999999,8.462,68.71,8.464,69.412,8.466,70.083,8.468,70.728,8.47,71.348
1,478,24,8.34611002222289,65.370737,,,,,,,,,,
1,469,24,8.108806678763,67.59842736,,,,,,,,,,
1,446,24,8.80076999460507,70.7677188,,,,,,,,,,
1,432,24,8.46626339801483,67.57218064,,,,,,,,,,
1,27,24,8.6168199878679,66.23687876,,,,,,,,,,
1,416,24,8.48995003296916,70.12139332000001,,,,,,,,,,
1,396,24,9.06962332759597,72.55249576,9.07,73.105,9.073,73.823,9.076,74.512,9.078,75.174,9.08,75.811
1,382,24,7.57991337460013,68.487535,,,,,,,,,,
1,365,24,8.51311334981263,72.83136716,8.513,73.387,8.514,74.038,8.515,74.663,8.516,75.261,8.517,75.836
1,356,24,8.58708999382726,67.77231188,8.587,68.35,8.588,69.0,8.589,69.624,8.59,70.223,8.591,70.8
1,347,24,7.57626001165017,65.98097324,7.576,66.553,7.577,67.17,7.578,67.762,7.579,68.331,7.58,68.879
1,329,24,9.26601335648503,70.31824372,9.268,71.04,9.273,71.812,9.278,72.553,9.282,73.264,9.286,73.948
1,312,24,9.98919334944847,68.33333551999999,9.996,69.207,10.01,70.122,10.024,71.0,10.036,71.844,10.046,72.656
1,749,24,8.90290998965117,71.64370308,8.904,72.294,8.909,73.082,8.914,73.838,8.919,74.563,8.923,75.26
1,720,24,8.610049990861,70.20013347999999,8.61,70.798,8.614,71.544,8.618,72.26,8.621,72.947,8.624,73.608
1,701,24,8.16965999915643,67.86745624,8.17,68.431,8.174,69.175,8.178,69.888,8.181,70.573,8.184,71.231
1,688,24,7.66824001920762,65.58071076,,,,,,,,,,
1,671,24,8.4412133298102,68.39895231999999,8.441,68.952,8.447,69.747,8.453,70.509,8.458,71.241,8.462,71.945
1,625,24,8.94840666777,70.49212824,8.948,71.046,8.957,71.908,8.966,72.734,8.974,73.527,8.981,74.286
1,613,24,8.7552400118317,69.18307308,,,,,,,,,,
1,32,24,8.25720666915604,64.5341228,,,,,,,,,,
1,591,24,8.51877669767646,66.81102576,,,,,,,,,,
1,551,24,7.38995334915767,66.48294176,,,,,,,,,,
1,526,24,8.1519400215769,67.90354547999999,8.152,68.448,8.154,69.151,8.156,69.825,8.158,70.472,8.16,71.094
1,514,24,8.5129066713632,64.78674748,8.513,65.339,8.515,66.02,8.517,66.673,8.519,67.301,8.52,67.905
1,505,24,8.5244033611242,67.52296804,8.525,68.094,8.527,68.774,8.529,69.426,8.531,70.053,8.532,70.656
1,483,24,9.6891633531679,71.10236448,9.69,71.735,9.693,72.471,9.696,73.177,9.699,73.856,9.702,74.509
1,470,24,9.88856001257725,68.13648512,9.889,68.8,9.893,69.54,9.897,70.25,9.9,70.932,9.903,71.588
1,461,24,10.2251366835974,70.84317812,10.227,71.548,10.232,72.321,10.237,73.063,10.241,73.776,10.245,74.462
1,448,24,9.64098665998584,69.79330931999999,9.642,70.505,9.646,71.26,9.65,71.985,9.654,72.681,9.657,73.351
1,434,24,10.3594967034203,71.81430676,10.364,72.63,10.372,73.473,10.38,74.282,10.387,75.06,10.393,75.808
1,424,24,9.89481001376556,70.05249568,9.902,70.943,9.915,71.85,9.928,72.72,9.939,73.556,9.949,74.36
1,657,24,8.91260000393514,64.95078948,8.914,65.651,8.92,66.451,8.926,67.215,8.931,67.949,8.935,68.655
1,639,24,7.87176998930716,63.38910964000001,7.872,63.994,7.874,64.694,7.876,65.366,7.878,66.011,7.88,66.629
1,33,24,8.47066334327986,68.09383419999999,8.471,68.663,8.474,69.404,8.477,70.115,8.48,70.795,8.483,71.448
1,587,24,7.71705669615399,66.9947528,,,,,,,,,,
1,569,24,8.8011933841327,67.61155072,8.801,68.161,8.806,68.932,8.811,69.672,8.815,70.382,8.818,71.065
1,560,24,8.79489999842203,73.74015983999999,,,,,,,,,,
1,550,24,8.09111003979089,70.87598652,,,,,,,,,,
1,536,24,7.79011666713539,70.99409675999999,,,,,,,,,,
1,521,24,8.57422334118954,68.18241688,,,,,,,,,,
1,513,24,8.23653331635867,64.2716556,,,,,,,,,,
1,497,24,7.42491001897664,65.11811232,,,,,,,,,,
1,479,24,7.56012998567222,65.54134068,,,,,,,,,,
1,472,24,8.66633335595076,68.71391296,8.666,69.258,8.67,70.002,8.674,70.716,8.677,71.402,8.68,72.061
1,459,24,7.9433033481784,67.34580268,,,,,,,,,,
1,447,24,8.78252668779824,69.85892611999999,8.783,70.408,8.785,71.09,8.787,71.745,8.789,72.374,8.79,72.979
1,433,24,8.78050001686069,71.29593404,8.781,71.85,8.782,72.5,8.783,73.123,8.784,73.722,8.785,74.298
1,423,24,8.75150998688594,72.34908367999999,8.752,72.914,8.753,73.561,8.754,74.182,8.755,74.778,8.756,75.352
1,417,24,9.19336333883687,71.08924112,9.194,71.696,9.196,72.381,9.198,73.039,9.2,73.671,9.201,74.279
1,397,24,8.73955002976786,68.52362424,8.74,69.147,8.742,69.826,8.744,70.478,8.746,71.104,8.747,71.706
1,383,24,8.49714333218803,65.49868975999999,8.498,66.149,8.5,66.844,8.502,67.511,8.504,68.151,8.506,68.767
1,373,24,8.62428000456273,66.96522524000001,8.626,67.687,8.63,68.451,8.634,69.184,8.638,69.888,8.641,70.565
1,1098,24,9.57716664337334,72.77887371999999,9.582,73.629,9.593,74.518,9.604,75.371,9.614,76.19,9.623,76.977
1,1061,24,9.2086066698173,68.10367672,9.21,68.829,9.215,69.615,9.22,70.369,9.225,71.093,9.229,71.789
1,998,24,8.74598000849997,70.5544642,8.746,71.182,8.749,71.896,8.752,72.581,8.754,73.238,8.756,73.87
1,977,24,8.85262671179283,67.91666884,8.853,68.516,8.856,69.229,8.859,69.913,8.861,70.57,8.863,71.202
1,923,24,8.7675233767013,66.80774492,8.768,67.386,8.771,68.114,8.774,68.813,8.777,69.484,8.779,70.129
1,899,24,8.80345003036324,72.35236452000001,8.804,72.913,8.808,73.656,8.812,74.369,8.815,75.053,8.818,75.711
1,877,24,8.641196665138,68.81889984,8.641,69.363,8.645,70.12,8.649,70.846,8.652,71.543,8.655,72.213
1,853,24,7.84634667530606,65.68569764,,,,,,,,,,
1,799,24,8.27011335554123,70.08858492,,,,,,,,,,
1,777,24,8.22344666892863,69.20603896,,,,,,,,,,
1,753,24,8.40220670309624,68.58267936,,,,,,,,,,
1,725,24,8.59844333501984,68.0118132,,,,,,,,,,
1,707,24,8.45385001267304,65.74475276000001,,,,,,,,,,
1,689,24,6.964046669095,64.71128816,,,,,,,,,,
1,654,24,8.56536334855634,70.29855868,8.565,70.844,8.57,71.635,8.575,72.393,8.58,73.121,8.584,73.821
1,34,24,7.95561001140629,65.81693124,7.956,66.366,7.958,67.057,7.96,67.72,7.962,68.356,7.964,68.968
1,617,24,8.66225998620146,64.79987084,8.662,65.381,8.665,66.091,8.668,66.773,8.67,67.428,8.672,68.058
1,606,24,8.1385966667372,65.70538268,8.139,66.299,8.141,66.996,8.143,67.661,8.145,68.3,8.147,68.915
1,571,24,9.21415002344964,67.98556648,9.216,68.693,9.223,69.507,9.23,70.288,9.236,71.038,9.241,71.759
1,1032,24,8.35145001420771,64.24540888,8.357,65.097,8.367,65.974,8.377,66.815,8.386,67.623,8.394,68.395
1,997,24,9.26409004090276,72.46391308,9.267,73.24,9.274,74.067,9.281,74.86,9.287,75.622,9.292,76.354
1,966,24,8.90046336270338,73.44816508,8.902,74.144,8.906,74.91,8.91,75.644,8.914,76.349,8.917,77.024
1,951,24,8.64984667637292,68.97638016,8.65,69.625,8.653,70.349,8.656,71.043,8.659,71.71,8.661,72.351
1,922,24,8.46990999564003,70.16732508,8.47,70.793,8.473,71.518,8.476,72.213,8.479,72.881,8.481,73.523
1,876,24,8.08835669570173,65.69554016000001,8.089,66.271,8.092,66.986,8.095,67.672,8.097,68.331,8.099,68.964
1,53,24,7.6777733443673,65.31496272,,,,,,,,,,
1,812,24,8.57480667473473,69.88517284,8.575,70.442,8.58,71.235,8.586,71.995,8.591,72.725,8.595,73.426
1,775,24,7.89388333487119,68.22178696,,,,,,,,,,
1,731,24,8.14713670366424,69.49475288,,,,,,,,,,
1,700,24,8.87415332286611,70.57086840000001,,,,,,,,,,
1,664,24,8.64558337823977,68.25131452000001,,,,,,,,,,
1,35,24,8.10894000286607,66.66010712,,,,,,,,,,
1,632,24,8.52860671936511,68.24803367999999,8.529,68.79,8.537,69.627,8.545,70.429,8.552,71.199,8.558,71.939
1,596,24,8.40792668227353,66.20078952,8.408,66.772,8.412,67.518,8.416,68.233,8.419,68.92,8.422,69.581
1,570,24,10.0200466474449,73.77296824,10.021,74.449,10.028,75.265,10.035,76.048,10.041,76.8,10.046,77.523
1,1175,24,9.080693336501,75.18044859999999,9.084,75.981,9.093,76.835,9.102,77.653,9.11,78.438,9.117,79.193
1,1134,24,8.81938000512894,67.75262684,8.821,68.451,8.826,69.228,8.831,69.973,8.835,70.688,8.839,71.376
1,1069,24,7.8617400207781,70.50197076,7.862,71.09,7.864,71.776,7.866,72.434,7.868,73.066,7.869,73.673
1,1026,24,8.49212330726163,65.58071076,8.492,66.154,8.495,66.881,8.498,67.578,8.501,68.248,8.503,68.892
1,991,24,7.5619100054153,65.07218055999999,,,,,,,,,,
1,941,24,9.12269666514153,73.20210208,9.123,73.758,9.129,74.563,9.135,75.335,9.14,76.076,9.145,76.789
1,915,24,9.20800336662741,68.15617016,9.208,68.707,9.218,69.578,9.228,70.413,9.237,71.215,9.245,71.986
1,891,24,8.19357667702693,63.66141936,,,,,,,,,,
1,870,24,8.4148967300021,64.94422780000001,,,,,,,,,,
1,847,24,8.1766066751535,67.50984468,,,,,,,,,,
1,828,24,7.44702668661933,64.04199679999999,,,,,,,,,,
1,49,24,7.26120003640814,64.75721992,,,,,,,,,,
1,769,24,7.92863671645173,68.57283684,,,,,,,,,,
1,737,24,7.4069700141622,66.44357167999999,,,,,,,,,,
1,715,24,8.1665066590984,65.57742992,,,,,,,,,,
1,697,24,7.42495001699849,63.85170808,,,,,,,,,,
1,37,24,7.76322335360063,61.6633878,7.763,62.205,7.766,62.931,7.769,63.628,7.772,64.297,7.774,64.94
1,651,24,9.23029336579379,69.34711508,9.231,69.975,9.236,70.753,9.241,71.499,9.245,72.216,9.249,72.905
1,633,24,9.65670666881368,70.32152456,9.658,71.021,9.665,71.838,9.672,72.622,9.678,73.375,9.683,74.099
1,1398,24,9.47234668132799,74.83924123999999,9.475,75.603,9.484,76.455,9.493,77.272,9.501,78.057,9.508,78.811
1,1350,24,8.6810799980048,70.09186576,8.682,70.717,8.685,71.44,8.688,72.134,8.691,72.8,8.693,73.441
1,1321,24,8.79469334814263,69.4881912,8.795,70.081,8.798,70.793,8.801,71.476,8.803,72.132,8.805,72.763
1,1291,24,8.72697330346083,70.64960855999999,8.727,71.225,8.73,71.955,8.733,72.655,8.736,73.327,8.738,73.974
1,1262,24,7.9972766979101,67.34252184,,,,,,,,,,
1,1205,24,8.13400671539957,67.90354547999999,,,,,,,,,,
1,1177,24,8.4224899950417,67.28018588,,,,,,,,,,
1,1156,24,7.36690332218913,65.08858475999999,,,,,,,,,,
1,1124,24,7.96120332996593,65.9612882,,,,,,,,,,
1,1090,24,8.0271766992792,62.85761356,,,,,,,,,,
1,1062,24,7.77077667310053,66.10564516000001,,,,,,,,,,
1,1042,24,8.97435337718147,72.55577659999999,,,,,,,,,,
1,1009,24,8.13768670575443,70.68897864,,,,,,,,,,
1,962,24,7.49506668265146,65.00000208,,,,,,,,,,
1,930,24,8.42283336381257,67.68701004,,,,,,,,,,
1,885,24,8.305283346008,64.550527,,,,,,,,,,
1,840,24,8.5552800404525,70.17060592,8.555,70.718,8.559,71.461,8.563,72.174,8.566,72.858,8.569,73.516
1,814,24,8.4362566573242,65.48884724,8.436,66.039,8.438,66.73,8.44,67.393,8.442,68.03,8.444,68.642
1,50,24,8.29528999796866,67.38189192,8.295,67.934,8.296,68.599,8.298,69.237,8.299,69.85,8.3,70.44
1,785,24,8.50469001056053,64.89173436,8.505,65.476,8.507,66.159,8.509,66.814,8.511,67.443,8.512,68.049
1,765,24,9.00767001424187,68.82546152,9.008,69.47,9.012,70.217,9.016,70.933,9.019,71.618,9.022,72.277
1,738,24,9.79379000969433,64.90157688,9.798,65.709,9.811,66.609,9.824,67.473,9.835,68.303,9.844,69.098
1,1315,24,9.7236300259186,72.02428051999999,9.727,72.818,9.738,73.707,9.749,74.559,9.759,75.378,9.768,76.165
1,1276,24,8.5178533290698,70.22638020000001,8.518,70.863,8.521,71.595,8.524,72.297,8.527,72.971,8.529,73.619
1,1235,24,8.67020000574193,69.39960852,8.671,70.013,8.674,70.736,8.677,71.429,8.68,72.095,8.682,72.735
1,1223,24,8.0011100146579,69.60630144000001,8.001,70.165,8.003,70.842,8.005,71.491,8.006,72.115,8.007,72.715
1,1194,24,8.88826668734481,71.61745636,8.888,72.194,8.892,72.963,8.896,73.7,8.9,74.408,8.903,75.088
1,67,24,8.4471666760772,68.36942476,,,,,,,,,,
1,1105,24,8.98767334949614,73.15288948,8.988,73.696,8.999,74.577,9.01,75.422,9.019,76.233,9.027,77.012
1,1070,24,8.32328668118656,70.03281064,,,,,,,,,,
1,1017,24,8.3805966959604,66.04987088,,,,,,,,,,
1,982,24,8.3321200108704,68.48097332,,,,,,,,,,
1,952,24,9.0750200078329,68.06430664,,,,,,,,,,
1,909,24,7.84670668060933,66.49278428,,,,,,,,,,
1,56,24,8.06133336809323,64.09777108,,,,,,,,,,
1,866,24,7.53604000646983,70.2427844,,,,,,,,,,
1,839,24,8.17061334294883,67.66076332,,,,,,,,,,
1,802,24,8.73212665658767,69.03215444,8.732,69.589,8.74,70.433,8.748,71.242,8.755,72.019,8.761,72.762
1,770,24,8.0718933731622,67.53281056,8.072,68.083,8.075,68.801,8.078,69.49,8.08,70.152,8.082,70.788
1,757,24,8.26875002154657,68.25459536,8.269,68.824,8.271,69.532,8.273,70.211,8.275,70.863,8.277,71.49
1,721,24,9.05486001501494,63.89107816,9.056,64.558,9.061,65.345,9.066,66.1,9.071,66.825,9.075,67.523
1,682,24,10.1291399625685,62.16207548,10.134,63.0,10.149,63.928,10.164,64.819,10.177,65.675,10.189,66.499
1,2655,24,8.74893667271046,70.79396552,8.759,71.75,8.773,72.676,8.787,73.563,8.799,74.415,8.81,75.234
1,2626,24,8.63241333284393,69.88845368,8.637,70.719,8.643,71.523,8.649,72.294,8.654,73.034,8.659,73.746
1,2586,24,8.4436333371918,66.37467404,8.447,67.161,8.452,67.931,8.457,68.669,8.461,69.378,8.464,70.06
1,2533,24,8.44711668557827,66.026905,8.449,66.777,8.453,67.524,8.457,68.24,8.46,68.928,8.463,69.589
1,2470,24,8.4113633480297,67.43438536,8.413,68.149,8.416,68.872,8.419,69.565,8.422,70.231,8.424,70.871
1,2434,24,8.3168800106954,65.3379286,8.318,65.99,8.32,66.657,8.322,67.298,8.323,67.914,8.324,68.506
1,2390,24,8.77941000713767,68.76968724,8.78,69.438,8.782,70.132,8.784,70.798,8.786,71.438,8.788,72.053
1,2284,24,7.604330021775,66.64370292,7.605,67.257,7.606,67.909,7.607,68.532,7.608,69.13,7.609,69.705
1,2227,24,8.13235338362089,70.92519911999999,8.133,71.533,8.134,72.186,8.135,72.812,8.136,73.414,8.137,73.991
1,2192,24,8.3365966664826,67.60498904,8.337,68.215,8.339,68.89,8.341,69.538,8.342,70.16,8.343,70.759
1,2139,24,8.80961666733866,70.45931983999999,8.81,71.074,8.812,71.773,8.814,72.443,8.816,73.087,8.818,73.706
1,2099,24,7.4560066526676,65.03281048,7.456,65.584,7.457,66.202,7.458,66.795,7.459,67.365,7.46,67.913
1,2036,24,7.76283001206004,68.99934603999999,7.763,69.554,7.764,70.206,7.765,70.831,7.766,71.431,7.767,72.008
1,1971,24,8.596340018793,66.70931972,8.597,67.287,8.601,68.048,8.605,68.777,8.609,69.477,8.612,70.151
1,1912,24,7.73321668465597,62.713256599999994,,,,,,,,,,
1,1888,24,7.29677001424256,67.75590768,,,,,,,,,,
1,1854,24,8.1150200103385,70.51509412,,,,,,,,,,
1,1793,24,8.38719339301093,66.70603888000001,,,,,,,,,,
1,1773,24,8.47183670054323,67.16535648,,,,,,,,,,
1,1715,24,8.7070066637689,66.7814982,,,,,,,,,,
1,96,24,8.47751338686339,65.25918843999999,,,,,,,,,,
1,1635,24,8.63383000824694,70.27231196,,,,,,,,,,
1,1607,24,8.8289033511207,72.34908367999999,,,,,,,,,,
1,1571,24,9.04234334592284,71.4730994,,,,,,,,,,
1,1546,24,8.35920335826234,69.73097336000001,,,,,,,,,,
1,1528,24,8.7000400004399,69.85236444,,,,,,,,,,
1,1493,24,8.6643000180725,70.99737760000001,,,,,,,,,,
1,1442,24,9.08482001456133,72.50328316,9.085,73.048,9.103,74.017,9.121,74.945,9.137,75.836,9.151,76.692
1,1423,24,8.51148004272803,70.19029096,,,,,,,,,,
1,1382,24,8.17692336087589,70.46916236,,,,,,,,,,
1,76,24,8.27051002972393,66.31889976,8.271,66.886,8.274,67.625,8.277,68.333,8.28,69.013,8.283,69.667
1,1294,24,8.61659666728823,67.72309928,8.617,68.323,8.621,69.073,8.625,69.792,8.628,70.483,8.631,71.147
1,1272,24,9.52077666452344,67.28674756,9.523,68.012,9.533,68.882,9.543,69.716,9.551,70.513,9.558,71.28
1,1605,24,9.05858668425991,67.76903104,9.06,68.458,9.067,69.276,9.074,70.061,9.08,70.815,9.085,71.54
1,1563,24,8.09596333489873,64.79659,8.096,65.383,8.098,66.09,8.1,66.765,8.102,67.414,8.104,68.038
1,1540,24,8.75524336761083,68.16601268000001,8.755,68.753,8.759,69.497,8.763,70.211,8.766,70.897,8.769,71.556
1,1480,24,8.82246337355653,70.00984476,8.823,70.575,8.83,71.397,8.837,72.185,8.843,72.941,8.848,73.668
1,1428,24,8.42470668611083,67.73950348,,,,,,,,,,
1,83,24,8.20048998296083,63.19554008,,,,,,,,,,
1,1331,24,8.5407099975558,67.175199,,,,,,,,,,
1,1309,24,9.16260997980844,70.32808624,,,,,,,,,,
1,1242,24,8.66321002551877,69.17323056,,,,,,,,,,
1,1219,24,8.58728997881943,66.87336171999999,,,,,,,,,,
1,1196,24,8.33601000931983,69.29462163999999,,,,,,,,,,
1,1148,24,8.76773669200844,64.71128816,,,,,,,,,,
1,1107,24,7.6126466741336,70.03937232,,,,,,,,,,
1,1078,24,8.63596331006873,66.27296799999999,,,,,,,,,,
1,1057,24,8.4153466835426,68.87467412,8.415,69.418,8.423,70.267,8.431,71.076,8.438,71.853,8.444,72.599
1,999,24,8.607166682738,65.80380788,8.607,66.381,8.612,67.168,8.617,67.923,8.622,68.648,8.626,69.345
1,953,24,8.48613333617647,66.67323048,8.486,67.286,8.49,68.04,8.494,68.76,8.497,69.451,8.5,70.116
1,924,24,9.59548669715955,67.04396539999999,9.597,67.752,9.606,68.604,9.615,69.422,9.623,70.207,9.63,70.962
1,906,24,10.8130199827414,72.13254824,10.821,73.039,10.846,74.055,10.871,75.03,10.892,75.967,10.911,76.869
1,2722,24,7.68912000371823,67.05052708000001,7.694,67.902,7.701,68.728,7.708,69.519,7.714,70.278,7.719,71.008
1,2633,24,9.0201199663859,70.45931983999999,9.022,71.208,9.026,71.953,9.03,72.667,9.033,73.353,9.036,74.013
1,2569,24,8.85476996413904,67.68701004,8.856,68.395,8.859,69.111,8.862,69.798,8.864,70.458,8.866,71.093
1,2512,24,9.19658661927117,69.68504159999999,9.198,70.39,9.201,71.117,9.204,71.815,9.207,72.485,9.209,73.13
1,2460,24,8.24401336674026,71.41076344,8.244,72.036,8.245,72.694,8.246,73.326,8.247,73.933,8.248,74.517
1,2365,24,7.71651667587776,63.62861096,7.717,64.204,7.718,64.82,7.719,65.411,7.72,65.979,7.721,66.526
1,2328,24,8.0413699766855,66.15485776,8.042,66.734,8.043,67.358,8.044,67.957,8.045,68.532,8.046,69.086
1,2294,24,9.30205333449396,69.22900484,9.302,69.85,9.304,70.539,9.306,71.201,9.308,71.837,9.31,72.449
1,2270,24,8.98970667441636,69.27493659999999,8.99,69.884,8.992,70.579,8.994,71.244,8.996,71.882,8.998,72.496
1,2207,24,8.4695166975247,68.82218068,8.47,69.403,8.472,70.074,8.474,70.718,8.475,71.337,8.476,71.932
1,2173,24,8.80470665607547,69.56693136,8.805,70.149,8.807,70.828,8.809,71.479,8.811,72.105,8.812,72.707
1,2143,24,8.10635666546596,65.19357164,8.106,65.741,8.107,66.381,8.108,66.995,8.109,67.583,8.11,68.149
1,2107,24,8.5311666761556,66.14501524,8.531,66.705,8.533,67.378,8.535,68.024,8.536,68.645,8.537,69.242
1,2085,24,8.12486000140117,65.95800736,8.125,66.504,8.127,67.203,8.129,67.873,8.131,68.517,8.133,69.136
1,2052,24,7.70804665667523,66.06299424,,,,,,,,,,
1,1994,24,8.5864299963183,67.05052708000001,8.587,67.604,8.593,68.412,8.599,69.187,8.604,69.931,8.609,70.646
1,1966,24,8.66831000581266,68.91404419999999,8.668,69.46,8.675,70.287,8.682,71.08,8.688,71.841,8.693,72.573
1,1936,24,8.85652001710674,71.46325688,8.857,72.012,8.871,72.932,8.885,73.814,8.897,74.66,8.907,75.473
1,1898,24,8.33118666893067,67.59186568,,,,,,,,,,
1,1727,24,9.19187667663994,69.82611772,9.192,70.368,9.259,71.617,9.326,72.816,9.384,73.968,9.435,75.076
1,1709,24,8.90351666182859,68.61548776000001,,,,,,,,,,
1,97,24,7.85317997216187,63.841865559999995,,,,,,,,,,
1,1626,24,8.30209665797006,68.28412292,,,,,,,,,,
1,1565,24,8.0274899943336,64.56036952000001,,,,,,,,,,
1,1529,24,8.63067002590816,69.44225944,,,,,,,,,,
1,1510,24,8.72876001799333,71.04002851999999,,,,,,,,,,
1,84,24,7.89530002470453,66.42716748,,,,,,,,,,
1,1383,24,8.64157666453507,71.61417552,8.642,72.232,8.648,73.03,8.654,73.795,8.659,74.529,8.663,75.234
1,1343,24,9.70309669256687,71.45997604,9.705,72.189,9.716,73.078,9.727,73.931,9.737,74.75,9.746,75.537
1,1682,24,9.0419833177231,67.5688998,9.043,68.251,9.05,69.065,9.057,69.845,9.063,70.594,9.068,71.315
1,1644,24,8.97189334709032,71.12533035999999,8.972,71.732,8.975,72.47,8.978,73.177,8.981,73.856,8.984,74.509
1,1606,24,8.82779331422056,66.27952968000001,8.828,66.854,8.831,67.567,8.834,68.248,8.836,68.902,8.838,69.531
1,1586,24,9.06295002420883,72.14239076,9.063,72.71,9.067,73.46,9.071,74.179,9.074,74.87,9.077,75.534
1,1554,24,8.86926668914316,71.49934612,8.869,72.05,8.875,72.861,8.881,73.638,8.886,74.381,8.891,75.095
1,88,24,8.39098001333037,68.07086832,,,,,,,,,,
1,1501,24,7.82329001507994,63.30708864,,,,,,,,,,
1,1477,24,8.22107334885416,67.86745624,,,,,,,,,,
1,1445,24,7.58536667073323,65.124674,,,,,,,,,,
1,1380,24,8.48533338805813,71.35170832,,,,,,,,,,
1,1332,24,8.66195668645269,68.61548776000001,,,,,,,,,,
1,1292,24,8.77506663981723,66.51246932,,,,,,,,,,
1,1237,24,8.70026001558821,69.6522332,,,,,,,,,,
1,1210,24,8.88647669570747,67.65420164,,,,,,,,,,
1,1126,24,9.58010335196417,68.13976595999999,9.58,68.711,9.595,69.643,9.61,70.537,9.623,71.396,9.634,72.222
1,1063,24,7.68081667318444,64.95407032,7.681,65.5,7.683,66.208,7.685,66.887,7.687,67.539,7.689,68.165
1,983,24,9.15170336256224,68.36614392,9.153,69.042,9.159,69.849,9.165,70.623,9.17,71.366,9.175,72.081
1,3025,24,9.73186668742461,72.4901598,9.736,73.31,9.742,74.116,9.748,74.889,9.753,75.631,9.758,76.345
1,2995,24,8.6065400039741,66.91929348,8.608,67.622,8.61,68.316,8.612,68.982,8.614,69.622,8.616,70.237
1,2829,24,8.6841000169616,68.23491032,8.684,68.802,8.684,69.39,8.684,69.954,8.684,70.497,8.684,71.019
1,2797,24,8.8358400158322,68.17913603999999,8.836,68.738,8.836,69.325,8.836,69.888,8.836,70.43,8.836,70.952
1,2761,24,8.61312334901106,69.53084212,8.613,70.075,8.613,70.651,8.613,71.204,8.613,71.736,8.613,72.248
1,2747,24,8.66671002054853,68.95341428,8.667,69.5,8.668,70.1,8.669,70.676,8.669,71.23,8.669,71.763
1,2707,24,8.48574666379217,68.0610258,,,,,,,,,,
1,2686,24,8.34164999231076,67.74606516,,,,,,,,,,
1,2649,24,8.65264667438524,72.74606532,,,,,,,,,,
1,2588,24,8.39512666302659,66.5682436,,,,,,,,,,
1,2535,24,8.38521335990157,68.733598,,,,,,,,,,
1,2498,24,7.78952667952551,67.26378168,,,,,,,,,,
1,2447,24,8.1198333611194,69.82939856,,,,,,,,,,
1,2415,24,8.69494334248997,71.1614196,8.695,71.704,8.699,72.464,8.703,73.193,8.706,73.889,8.709,74.559
1,2379,24,8.64607998350464,66.88320424,8.646,67.425,8.651,68.202,8.656,68.947,8.66,69.663,8.664,70.351
1,2315,24,8.42822000745599,67.79199692,,,,,,,,,,
1,2275,24,8.71375664955446,69.58333556,,,,,,,,,,
1,2248,24,8.7917933542166,73.2283488,,,,,,,,,,
1,2194,24,8.61275335203893,71.03346684,,,,,,,,,,
1,2167,24,7.6239900088276,64.386485,,,,,,,,,,
1,2124,24,8.59105666694054,68.56299432,,,,,,,,,,
1,2101,24,8.25078335640256,70.18372928,,,,,,,,,,
1,2064,24,8.18818669215726,71.04002851999999,,,,,,,,,,
1,2005,24,7.5983066827297,67.21784991999999,,,,,,,,,,
1,1903,24,8.40946336505913,71.01706264,,,,,,,,,,
1,1855,24,8.88057001611421,71.38451672,,,,,,,,,,
1,1821,24,8.82331333880363,68.76312555999999,,,,,,,,,,
1,1794,24,8.53572000730234,70.37729884,,,,,,,,,,
1,1762,24,8.00497669083153,67.34580268,,,,,,,,,,
1,1736,24,7.18487335867626,65.00656376,,,,,,,,,,
1,1684,24,8.67189668224503,70.71522535999999,8.672,71.31,8.676,72.065,8.68,72.785,8.683,73.477,8.686,74.142
1,1649,24,8.78357000443641,70.18044843999999,8.784,70.8,8.788,71.542,8.792,72.254,8.795,72.937,8.798,73.594
1,1627,24,10.1499167114971,73.30052728,10.152,74.043,10.162,74.906,10.172,75.734,10.18,76.529,10.187,77.294
1,93,24,10.0956233059387,67.79199692,10.102,68.653,10.119,69.604,10.136,70.517,10.151,71.394,10.164,72.238
1,2579,24,8.46499857309164,71.85039599999999,8.48,72.877,8.499,73.859,8.518,74.8,8.535,75.703,8.55,76.571
1,2520,24,8.46748333191167,71.08267944,8.474,71.976,8.483,72.841,8.492,73.67,8.5,74.465,8.507,75.229
1,2481,24,7.97740666401006,65.22966088,7.982,66.066,7.988,66.877,7.994,67.654,7.999,68.4,8.004,69.117
1,2356,24,8.79719997382763,68.21194444,8.801,69.013,8.807,69.82,8.813,70.594,8.818,71.337,8.823,72.052
1,2331,24,8.092620008288,70.37073716,8.094,71.066,8.096,71.77,8.098,72.445,8.1,73.093,8.102,73.716
1,2302,24,8.68654333742716,68.3563014,8.688,69.079,8.691,69.816,8.694,70.523,8.697,71.202,8.7,71.855
1,2269,24,8.06387003819753,68.38582896,8.065,69.066,8.067,69.773,8.069,70.451,8.071,71.103,8.073,71.73
1,2206,24,7.94083668348483,65.13123568,7.942,65.806,7.945,66.518,7.948,67.201,7.95,67.857,7.952,68.487
1,114,24,7.90420999637887,64.4192934,7.905,65.1,7.908,65.828,7.911,66.526,7.914,67.197,7.916,67.842
1,1993,24,7.95286335610159,63.93044824,7.953,64.525,7.955,65.219,7.957,65.884,7.959,66.523,7.961,67.138
1,1959,24,8.46488335369243,67.81824363999999,8.465,68.431,8.468,69.153,8.471,69.846,8.473,70.509,8.475,71.143
1,1901,24,7.71103334324143,64.80315168,7.711,65.363,7.713,66.069,7.715,66.745,7.717,67.395,7.719,68.02
1,1835,24,8.18344001560127,65.452758,8.184,66.018,8.189,66.79,8.194,67.53,8.198,68.24,8.201,68.923
1,1815,24,8.07278335789473,67.4704746,8.073,68.024,8.079,68.822,8.085,69.586,8.09,70.316,8.094,71.018
1,1761,24,8.2795533631578,66.0761176,8.28,66.624,8.292,67.526,8.304,68.391,8.315,69.221,8.324,70.019
1,1704,24,8.47308999369207,72.08333564,,,,,,,,,,
1,95,24,8.09522671008909,67.73950348,,,,,,,,,,
1,1657,24,8.1974200242627,65.00656376,,,,,,,,,,
1,1618,24,8.63255334966731,69.84252192,,,,,,,,,,
1,1564,24,9.10360998121257,69.78018596,,,,,,,,,,
1,1503,24,7.75240335590267,68.05446411999999,,,,,,,,,,
1,1458,24,8.52070667678303,67.28018588,,,,,,,,,,
1,1391,24,9.18213999678587,72.22441176,9.182,72.772,9.208,73.804,9.234,74.793,9.256,75.743,9.275,76.65
1,1366,24,8.50118999527117,68.09383419999999,,,,,,,,,,
1,1338,24,7.91996334044399,64.79330915999999,,,,,,,,,,
1,1316,24,8.80593334578731,69.13714132,8.806,69.684,8.813,70.498,8.82,71.278,8.826,72.027,8.831,72.747
1,1283,24,9.10091002800596,73.20866376,9.101,73.775,9.106,74.555,9.111,75.302,9.115,76.019,9.119,76.709
1,1253,24,8.43719666242406,66.69619636,8.437,67.262,8.44,67.983,8.443,68.674,8.445,69.335,8.447,69.97
1,1225,24,8.90058000649637,66.02034332000001,8.901,66.637,8.905,67.397,8.909,68.123,8.913,68.82,8.916,69.49
1,1198,24,9.38328000996633,72.00459547999999,9.385,72.716,9.394,73.567,9.403,74.383,9.41,75.163,9.416,75.913
1,2952,24,8.99276336563177,68.2742804,8.996,69.05,9.0,69.812,9.004,70.543,9.008,71.245,9.011,71.92
1,154,24,8.43859333181903,66.36483152000001,8.44,67.05,8.442,67.726,8.444,68.374,8.445,68.997,8.446,69.596
1,2864,24,8.77836332733273,69.59973975999999,8.779,70.254,8.78,70.91,8.781,71.539,8.782,72.144,8.783,72.726
1,2808,24,8.19773332506411,66.14501524,8.198,66.73,8.199,67.326,8.2,67.898,8.2,68.448,8.2,68.978
1,2782,24,8.5051400101834,64.9114194,8.505,65.489,8.506,66.089,8.507,66.665,8.507,67.219,8.507,67.752
1,2746,24,7.1955466610461,61.6633878,,,,,,,,,,
1,2685,24,8.5238966727873,67.92651136,8.524,68.48,8.524,69.072,8.524,69.64,8.524,70.186,8.524,70.712
1,2634,24,7.79514667936683,66.33202312,,,,,,,,,,
1,2571,24,8.58769333460753,69.3733618,8.588,69.917,8.589,70.546,8.59,71.149,8.591,71.729,8.592,72.285
1,2542,24,9.06096668767673,72.69029103999999,9.061,73.239,9.063,73.91,9.065,74.554,9.066,75.173,9.067,75.768
1,2513,24,8.74506669411293,70.61023847999999,,,,,,,,,,
1,2482,24,8.03447667353796,68.31693132,,,,,,,,,,
1,2446,24,8.7423566811495,68.77952975999999,,,,,,,,,,
1,2424,24,8.54521005163914,71.4074826,,,,,,,,,,
1,2401,24,8.45823333368179,70.58399176,,,,,,,,,,
1,2357,24,8.18630667663129,68.62861112,,,,,,,,,,
1,2303,24,7.89304334611086,67.41798116,,,,,,,,,,
1,2240,24,8.6147299958242,67.40157696,,,,,,,,,,
1,2198,24,8.35386336077007,69.80971351999999,,,,,,,,,,
1,2145,24,9.27716665306714,71.83071095999999,9.277,72.385,9.3,73.395,9.323,74.363,9.343,75.293,9.36,76.187
1,2100,24,9.04931674076644,73.1791362,9.049,73.732,9.077,74.784,9.105,75.792,9.129,76.76,9.15,77.69
1,1972,24,8.02203000739386,68.70735128,,,,,,,,,,
1,1942,24,7.65720666711684,68.31693132,,,,,,,,,,
1,1919,24,8.96031335292434,67.05708876,,,,,,,,,,
1,1876,24,8.48862667600567,64.54724616,,,,,,,,,,
1,104,24,8.3887133268161,66.03018584,,,,,,,,,,
1,1820,24,8.68613000996996,69.64239068,,,,,,,,,,
1,1798,24,8.90849667868404,71.50918863999999,,,,,,,,,,
1,1768,24,8.90530000176559,73.51050104,,,,,,,,,,
1,99,24,8.5543066698914,68.09055336,8.554,68.634,8.563,69.483,8.572,70.297,8.579,71.078,8.585,71.829
1,1662,24,8.22447334052946,68.40551400000001,8.225,68.952,8.228,69.694,8.231,70.405,8.234,71.087,8.237,71.743
1,1636,24,8.74109002664197,66.90945096,8.741,67.484,8.744,68.222,8.747,68.93,8.75,69.61,8.753,70.264
1,1580,24,9.50217337062215,70.8333356,9.503,71.474,9.508,72.257,9.513,73.008,9.517,73.729,9.521,74.419
1,1547,24,9.95187670995254,72.09317816,9.954,72.814,9.963,73.666,9.972,74.483,9.979,75.264,9.985,76.015
1,1511,24,10.697699988647,71.16798128,10.705,72.057,10.727,73.054,10.749,74.01,10.768,74.929,10.785,75.813
1,3141,24,9.95287666591037,72.53281072,9.959,73.395,9.967,74.23,9.975,75.031,9.982,75.8,9.988,76.54
1,3125,24,8.82800335193352,72.9002648,8.829,73.608,8.831,74.304,8.833,74.971,8.835,75.612,8.837,76.228
1,3050,24,8.3090233523796,65.21653752,8.309,65.82,8.31,66.419,8.311,66.994,8.311,67.547,8.311,68.079
1,3030,24,8.39724002610593,67.88386043999999,8.397,68.467,8.397,69.048,8.397,69.606,8.397,70.142,8.397,70.658
1,2996,24,8.49059999499293,68.7171938,8.491,69.297,8.491,69.879,8.491,70.438,8.491,70.975,8.491,71.492
1,2968,24,8.53121332525936,68.19882108,8.531,68.783,8.532,69.379,8.533,69.951,8.533,70.501,8.533,71.031
1,2927,24,7.9872666796352,63.60564508,7.987,64.173,7.988,64.768,7.989,65.339,7.989,65.888,7.989,66.417
1,2830,24,7.20716335475717,64.0748052,,,,,,,,,,
1,2733,24,8.41465332064236,65.07218055999999,8.415,65.642,8.416,66.301,8.417,66.934,8.418,67.542,8.419,68.127
1,2650,24,8.45309667631084,67.72966095999999,8.453,68.291,8.455,68.978,8.457,69.637,8.459,70.27,8.46,70.879
1,2620,24,9.0622133251231,70.21325684,9.062,70.789,9.065,71.518,9.068,72.217,9.071,72.888,9.073,73.534
1,2563,24,8.61780998623234,67.75590768,8.618,68.314,8.622,69.079,8.626,69.813,8.63,70.518,8.633,71.196
1,2504,24,8.14925336945253,66.683073,,,,,,,,,,
1,2472,24,8.28286000423943,73.02821756,,,,,,,,,,
1,2440,24,8.8788533274338,72.6213934,,,,,,,,,,
1,124,24,8.98640003383231,67.77887356,8.986,68.321,8.999,69.227,9.012,70.096,9.023,70.93,9.032,71.732
1,2340,24,8.1126366633556,69.52428044,,,,,,,,,,
1,2285,24,7.61838334471797,67.52296804,,,,,,,,,,
1,2252,24,8.88480001638208,70.93504164,,,,,,,,,,
1,2215,24,8.48989334557997,72.506564,,,,,,,,,,
1,2158,24,8.61730334383311,70.45931983999999,,,,,,,,,,
1,113,24,8.33556000184383,66.92585516,,,,,,,,,,
1,2102,24,8.36457336189636,71.29593404,,,,,,,,,,
1,2038,24,8.91854333797534,71.86023852,,,,,,,,,,
1,2006,24,8.26763668038853,71.79462172,,,,,,,,,,
1,1967,24,8.59403666346483,70.46588152000001,8.594,71.011,8.602,71.851,8.61,72.656,8.617,73.429,8.623,74.172
1,107,24,8.3876700228371,68.1266426,8.388,68.71,8.392,69.452,8.396,70.164,8.399,70.848,8.402,71.505
1,1763,24,9.0287466700671,71.89304692,9.031,72.622,9.038,73.437,9.045,74.219,9.051,74.969,9.056,75.69
1,1742,24,9.2502133765501,67.54593392,9.255,68.393,9.268,69.3,9.281,70.17,9.292,71.006,9.302,71.81
1,3202,24,9.1004833350112,70.8333356,9.104,71.646,9.109,72.432,9.114,73.186,9.119,73.91,9.123,74.606
1,3181,24,9.14531002263713,72.99212832,9.147,73.711,9.149,74.409,9.151,75.078,9.153,75.721,9.155,76.339
1,3156,24,8.05045335286633,67.8969838,8.051,68.513,8.052,69.118,8.053,69.699,8.054,70.257,8.054,70.794
1,3135,24,7.82867668697793,66.36483152000001,7.829,66.954,7.829,67.533,7.829,68.088,7.829,68.622,7.829,69.136
1,3111,24,8.53227331624377,65.01312544,8.533,65.617,8.534,66.214,8.535,66.788,8.535,67.34,8.535,67.871
1,3104,24,8.03699335611283,72.03412304,8.037,72.609,8.037,73.177,8.037,73.722,8.037,74.246,8.037,74.751
1,3051,24,8.31797001647404,68.81233816,8.318,69.391,8.318,69.971,8.318,70.528,8.318,71.063,8.318,71.578
1,3016,24,8.7715533535418,71.54527788,8.772,72.143,8.773,72.754,8.774,73.341,8.775,73.905,8.776,74.448
1,2933,24,8.1608266813155,66.49934596,8.161,67.081,8.162,67.701,8.163,68.296,8.164,68.868,8.165,69.419
1,2866,24,8.15572001595003,67.96916227999999,8.156,68.54,8.157,69.168,8.158,69.771,8.159,70.35,8.16,70.906
1,2789,24,8.60423002044987,66.23687876,8.604,66.82,8.605,67.477,8.606,68.108,8.607,68.714,8.608,69.297
1,2728,24,7.51335333330787,64.9934404,,,,,,,,,,
1,2621,24,7.66258002858536,65.8792672,,,,,,,,,,
1,2590,24,8.05677001776657,69.1601072,,,,,,,,,,
1,2550,24,8.82867666882879,67.8641754,8.829,68.407,8.834,69.197,8.839,69.955,8.844,70.682,8.848,71.381
1,2491,24,9.359650016854,68.52690508,9.36,69.079,9.368,69.914,9.376,70.711,9.383,71.476,9.389,72.212
1,2462,24,9.50057667411134,71.55512039999999,9.501,72.11,9.512,72.998,9.523,73.849,9.533,74.666,9.541,75.448
1,2394,24,8.73116001685094,67.41798116,,,,,,,,,,
1,2367,24,8.45786333913254,71.20407052,,,,,,,,,,
1,2305,24,8.30405995687994,65.67913596,,,,,,,,,,
1,2199,24,8.72540335636324,67.95275808,,,,,,,,,,
1,2175,24,9.08622002205814,70.12139332000001,,,,,,,,,,
1,2103,24,8.726896673421,69.60958228,,,,,,,,,,
1,2055,24,7.8220933467124,67.08989716,,,,,,,,,,
1,111,24,8.26362999286279,67.72309928,8.264,68.266,8.267,68.99,8.27,69.684,8.273,70.351,8.275,70.992
1,1979,24,7.91087333458989,71.89632776,7.911,72.444,7.913,73.117,7.915,73.762,7.916,74.381,7.917,74.977
1,1952,24,7.75216000361053,70.01640644,7.752,70.568,7.753,71.218,7.754,71.842,7.755,72.441,7.756,73.017
1,108,24,8.81568335144413,67.667325,8.816,68.283,8.819,69.005,8.822,69.698,8.825,70.364,8.827,71.004
1,1861,24,9.26000335269161,69.21260064,9.261,69.918,9.266,70.7,9.271,71.45,9.275,72.17,9.279,72.863
1,225,24,9.96007334524883,67.16207564,9.967,68.04,9.981,68.953,9.994,69.825,10.005,70.663,10.015,71.469
1,3259,24,9.33487669105041,70.87270568,9.339,71.705,9.345,72.502,9.351,73.266,9.356,74.0,9.36,74.706
1,3238,24,8.86663667068079,68.55971348,8.868,69.289,8.87,69.994,8.872,70.67,8.874,71.319,8.876,71.944
1,3218,24,8.23720001314823,69.3405534,8.238,69.997,8.239,70.636,8.24,71.249,8.241,71.838,8.242,72.404
1,3191,24,9.37205335872786,69.44225944,9.373,70.125,9.375,70.792,9.377,71.432,9.378,72.047,9.379,72.639
1,3163,24,9.17814000924021,71.99147212,9.179,72.633,9.18,73.263,9.181,73.868,9.182,74.45,9.183,75.01
1,3157,24,9.39873670426573,71.54855872,9.399,72.206,9.4,72.855,9.401,73.478,9.402,74.077,9.403,74.653
1,3131,24,8.2746633363355,70.69225948,8.275,71.287,8.275,71.875,8.275,72.439,8.275,72.982,8.275,73.504
1,3112,24,8.29300335154913,70.46588152000001,8.293,71.071,8.294,71.676,8.295,72.255,8.296,72.811,8.296,73.346
1,3061,24,8.19294666976927,64.40945088000001,8.193,65.008,8.194,65.617,8.195,66.202,8.196,66.764,8.196,67.305
1,3034,24,7.45036665836073,64.53740364,7.45,65.106,7.45,65.69,7.45,66.25,7.45,66.789,7.45,67.307
1,2977,24,8.4206433277813,64.62270548,8.421,65.227,8.422,65.865,8.423,66.477,8.424,67.065,8.425,67.631
1,2953,24,8.03166000599203,69.53412295999999,8.032,70.112,8.033,70.723,8.034,71.309,8.035,71.873,8.036,72.415
1,2906,24,8.20774335824693,67.29330924,8.208,67.878,8.209,68.513,8.21,69.123,8.211,69.709,8.212,70.273
1,2877,24,7.99390336259053,65.72178688,7.994,66.287,7.995,66.904,7.996,67.496,7.997,68.063,7.998,68.609
1,2857,24,8.62472666562303,68.84186572,8.625,69.427,8.626,70.085,8.627,70.717,8.628,71.324,8.629,71.908
1,2809,24,8.80699003854597,70.5544642,8.807,71.135,8.809,71.806,8.811,72.45,8.812,73.069,8.813,73.664
1,2783,24,9.62264003161857,72.75918868,9.623,73.383,9.627,74.136,9.631,74.858,9.634,75.552,9.637,76.219
1,2715,24,8.46135999464449,70.46916236,8.461,71.029,8.464,71.741,8.466,72.421,8.468,73.074,8.47,73.702
1,2700,24,8.41287335366246,67.49672132,8.413,68.05,8.415,68.754,8.417,69.43,8.419,70.079,8.421,70.703
1,2665,24,8.90696333381316,71.53543536,8.907,72.094,8.91,72.832,8.913,73.54,8.916,74.22,8.919,74.874
1,2636,24,8.8481733586799,70.74475292,8.848,71.298,8.852,72.045,8.856,72.761,8.859,73.449,8.862,74.11
1,2582,24,9.19459331472784,68.52690508,9.195,69.083,9.201,69.878,9.207,70.64,9.212,71.372,9.216,72.076
1,2544,24,9.05041666261437,69.1765114,9.05,69.725,9.057,70.543,9.064,71.327,9.07,72.08,9.075,72.804
1,2492,24,9.21884998440534,70.98097340000001,9.219,71.527,9.232,72.439,9.245,73.314,9.256,74.154,9.266,74.957
1,2448,24,9.16587669524761,70.45931983999999,,,,,,,,,,
1,2425,24,8.58345666908673,67.34252184,,,,,,,,,,
1,2380,24,8.44261333794193,65.3871412,,,,,,,,,,
1,2358,24,8.78126334972748,68.9304484,,,,,,,,,,
1,2286,24,9.16217666582401,72.00131464,9.162,72.543,9.177,73.476,9.191,74.365,9.203,75.219,9.214,76.04
1,2249,24,8.3351800076768,66.85367667999999,,,,,,,,,,
1,2228,24,8.76271339109087,70.8497398,,,,,,,,,,
1,2200,24,8.9105400309546,72.54593408,8.911,73.094,8.918,73.92,8.925,74.711,8.931,75.471,8.936,76.201
1,2135,24,8.7556100142476,70.17388676,8.756,70.741,8.761,71.528,8.766,72.283,8.77,73.004,8.774,73.697
1,1996,24,7.94688001129023,66.77165568,7.947,67.357,7.948,68.018,7.949,68.652,7.95,69.261,7.951,69.846
1,1973,24,9.2485832914108,73.77296824,9.249,74.439,9.252,75.174,9.255,75.879,9.258,76.556,9.26,77.207
1,1905,24,9.0311800023294,67.44094704,9.033,68.175,9.038,68.953,9.043,69.7,9.047,70.417,9.051,71.107
1,2871,24,8.966326712622,71.87008104,8.967,72.476,8.972,73.254,8.977,74.0,8.981,74.717,8.985,75.406
1,2832,24,7.68537334612953,72.00787632,,,,,,,,,,
1,2800,24,7.95130001047013,70.3576138,,,,,,,,,,
1,2748,24,8.10506668952356,67.69029088,,,,,,,,,,
1,2716,24,8.3473566777047,71.80446424,,,,,,,,,,
1,2681,24,7.79295334328406,68.07414915999999,,,,,,,,,,
1,2622,24,9.12241001645313,72.20472672,,,,,,,,,,
1,2592,24,8.3415800574258,69.74737756,,,,,,,,,,
1,2572,24,7.67539334863463,64.02887344,,,,,,,,,,
1,2455,24,8.21226003515319,65.62008084,8.212,66.171,8.216,66.925,8.22,67.648,8.223,68.342,8.226,69.009
1,2359,24,8.21757002459237,66.13189188,8.218,66.691,8.22,67.375,8.222,68.031,8.224,68.662,8.225,69.269
1,2307,24,8.1884566947542,69.307745,8.189,69.877,8.19,70.531,8.191,71.159,8.192,71.762,8.193,72.342
1,2259,24,8.37102001385833,71.84055348,8.371,72.423,8.372,73.061,8.373,73.673,8.374,74.261,8.375,74.827
1,2243,24,8.94208001091487,69.82939856,8.942,70.441,8.943,71.101,8.944,71.734,8.945,72.342,8.946,72.927
1,2209,24,9.16452335505917,69.84252192,9.165,70.493,9.167,71.181,9.169,71.841,9.171,72.475,9.173,73.085
1,2148,24,9.38524998747097,70.82021223999999,9.387,71.568,9.391,72.325,9.395,73.051,9.399,73.749,9.402,74.42
1,2939,24,9.4388866800299,73.49409684,9.44,74.141,9.448,74.975,9.456,75.775,9.463,76.543,9.469,77.282
1,2878,24,8.19920003977687,76.39764024,8.199,76.949,8.204,77.724,8.209,78.467,8.213,79.18,8.216,79.865
1,2858,24,8.2066399957395,72.36548787999999,,,,,,,,,,
1,2791,24,8.27556002255309,71.50918863999999,,,,,,,,,,
1,2764,24,8.15993335000493,68.08399168,,,,,,,,,,
1,2729,24,8.40544999670243,66.58792864,,,,,,,,,,
1,2701,24,8.41921003111027,64.97047452,,,,,,,,,,
1,2672,24,8.34485002172684,69.54068464000001,,,,,,,,,,
1,2515,24,8.4792433380513,68.67782371999999,8.479,69.234,8.483,69.994,8.487,70.723,8.491,71.423,8.494,72.096
1,2449,24,8.7491466623786,70.4232306,8.749,70.992,8.752,71.715,8.755,72.409,8.758,73.075,8.76,73.716
1,2417,24,9.73677994058401,75.81693156,9.737,76.426,9.741,77.174,9.745,77.892,9.748,78.581,9.751,79.244
1,2360,24,7.65021669309497,67.8805796,7.65,68.438,7.651,69.062,7.652,69.661,7.653,70.237,7.654,70.791
1,2321,24,8.43264335509567,73.75656404,8.433,74.358,8.434,75.019,8.435,75.65,8.436,76.256,8.437,76.839
1,2254,24,8.8943400026905,73.26771888,8.895,73.939,8.897,74.642,8.899,75.316,8.901,75.963,8.903,76.586
1,2230,24,10.1795766998928,76.71916256,10.183,77.517,10.19,78.337,10.197,79.124,10.203,79.879,10.208,80.605
1,3133,24,9.09379669725811,74.97375568,9.095,75.633,9.101,76.428,9.107,77.19,9.112,77.922,9.116,78.625
1,3106,24,8.61711002439056,70.07218072,8.617,70.671,8.62,71.406,8.623,72.111,8.626,72.788,8.628,73.439
1,3063,24,8.47536001244816,67.7657502,8.475,68.331,8.479,69.077,8.483,69.792,8.486,70.479,8.489,71.139
1,3003,24,8.676239950616,72.0472464,8.676,72.594,8.681,73.374,8.686,74.121,8.69,74.835,8.694,75.521
1,2955,24,8.32224001246377,69.25853239999999,,,,,,,,,,
1,2914,24,8.63136667755026,73.0150942,,,,,,,,,,
1,146,24,8.57283333357997,68.57611768,,,,,,,,,,
1,2710,24,8.45661333838586,72.64107843999999,,,,,,,,,,
1,2674,24,9.04824667312504,70.03937232,9.048,70.592,9.053,71.366,9.058,72.109,9.062,72.822,9.066,73.508
1,2594,24,8.73521335208296,70.30183952,8.735,70.869,8.737,71.551,8.739,72.206,8.741,72.835,8.742,73.44
1,2552,24,9.68197002893524,75.03609164,9.682,75.657,9.685,76.38,9.688,77.074,9.691,77.74,9.693,78.381
1,2483,24,10.7540166484383,73.05774512,10.756,73.784,10.763,74.601,10.77,75.385,10.776,76.139,10.781,76.864
1,2456,24,10.6267533010898,71.12533035999999,10.631,71.93,10.642,72.816,10.654,73.667,10.664,74.484,10.673,75.27
1,3311,24,8.36220667615343,67.35236436,8.362,67.955,8.366,68.701,8.37,69.413,8.373,70.097,8.376,70.754
1,3294,24,8.77516999249683,68.84842739999999,8.775,69.434,8.779,70.198,8.783,70.931,8.787,71.634,8.79,72.31
1,3276,24,8.30477332418254,63.80577632,8.305,64.359,8.31,65.139,8.315,65.887,8.319,66.605,8.323,67.295
1,3230,24,8.59860001297944,72.07677396,,,,,,,,,,
1,3211,24,8.48859336969957,71.39435924,,,,,,,,,,
1,3179,24,8.67183998919484,72.13910992,,,,,,,,,,
1,3153,24,8.99414669231807,73.67782388,,,,,,,,,,
1,3126,24,8.56918000061043,69.8162752,,,,,,,,,,
1,3114,24,8.7587000103352,70.94160332,,,,,,,,,,
1,3081,24,8.65961000713443,71.4566952,,,,,,,,,,
1,3032,24,8.48705999837477,72.61811256,,,,,,,,,,
1,3004,24,8.60322333125867,72.64435928,,,,,,,,,,
1,2975,24,8.00416669813113,73.50065852,,,,,,,,,,
1,155,24,8.3292366781715,67.71325676,,,,,,,,,,
1,2915,24,8.67766331228894,67.46391292,,,,,,,,,,
1,2898,24,8.63539666439483,71.9652254,,,,,,,,,,
1,2868,24,7.78943667387959,68.13976595999999,,,,,,,,,,
1,2792,24,9.24244668766416,74.37992364,9.243,74.99,9.248,75.767,9.253,76.512,9.257,77.228,9.261,77.916
1,2754,24,8.79039332178316,71.02034348,8.791,71.663,8.796,72.439,8.801,73.183,8.805,73.897,8.809,74.583
1,3193,24,9.81822994786983,71.46325688,9.82,72.187,9.831,73.071,9.842,73.919,9.851,74.73,9.859,75.51
1,3165,24,8.87915002930893,74.3766428,8.88,74.994,8.885,75.765,8.89,76.504,8.894,77.213,8.897,77.894
1,3142,24,7.90423668523397,70.18372928,7.904,70.75,7.907,71.468,7.91,72.156,7.912,72.817,7.914,73.452
1,3099,24,8.49246667439403,69.06496283999999,8.493,69.628,8.498,70.402,8.503,71.144,8.507,71.856,8.511,72.541
1,3076,24,9.30525332143027,72.26378184,9.305,72.841,9.313,73.686,9.321,74.496,9.328,75.273,9.334,76.02
1,3018,24,8.97257002795153,72.34908367999999,8.973,72.897,8.984,73.781,8.995,74.628,9.004,75.441,9.012,76.223
1,2998,24,8.7329966773609,73.15617031999999,,,,,,,,,,
1,2966,24,8.33370001990313,71.41404428,,,,,,,,,,
1,152,24,8.37349001525343,65.2230992,,,,,,,,,,
1,2887,24,8.01301667634263,67.84120952,,,,,,,,,,
1,2847,24,8.6813633889321,70.62992351999999,,,,,,,,,,
1,2825,24,8.41943670761493,68.20538276,,,,,,,,,,
1,2753,24,9.08058997469324,70.96128836,9.081,71.506,9.087,72.304,9.093,73.069,9.098,73.804,9.102,74.51
1,2730,24,8.76780335019983,70.04265316,8.768,70.584,8.771,71.321,8.774,72.028,8.777,72.707,8.78,73.36
1,2687,24,8.550056673799,74.76378192,8.55,75.309,8.552,76.013,8.554,76.687,8.556,77.335,8.558,77.958
1,2628,24,9.33956335731735,73.29068475999999,9.34,73.891,9.343,74.623,9.346,75.325,9.349,75.999,9.351,76.647
1,2606,24,9.5844966937531,70.26575028,9.585,70.897,9.589,71.649,9.593,72.37,9.596,73.063,9.599,73.73
1,2565,24,9.74944336744104,73.96325696,9.751,74.663,9.757,75.47,9.763,76.244,9.768,76.987,9.773,77.702
1,3385,24,9.34924334954727,70.46260068,9.35,71.117,9.358,71.951,9.366,72.751,9.373,73.519,9.379,74.257
1,3360,24,9.25993335973463,66.92257432,9.26,67.534,9.267,68.346,9.274,69.125,9.28,69.873,9.285,70.592
1,3328,24,8.84035661878838,70.47572404,8.84,71.042,8.847,71.871,8.854,72.666,8.86,73.429,8.865,74.162
1,3285,24,8.28132334082217,70.57743008,,,,,,,,,,
1,3268,24,9.13063666959326,69.7342542,9.131,70.28,9.147,71.229,9.163,72.133,9.177,73.001,9.189,73.836
1,3249,24,9.09882336183586,71.41076344,9.099,71.953,9.119,72.938,9.139,73.882,9.156,74.788,9.171,75.659
1,3231,24,8.45208335289523,67.3228368,,,,,,,,,,
1,3194,24,8.14289000838621,69.20931979999999,,,,,,,,,,
1,3146,24,8.23524334437843,73.27099971999999,,,,,,,,,,
1,3107,24,8.54103668364637,74.89173468,,,,,,,,,,
1,160,24,8.86778004046707,71.60105216000001,,,,,,,,,,
1,3065,24,8.81200665779013,73.94357192,,,,,,,,,,
1,3020,24,8.36455002181514,73.04462176,,,,,,,,,,
1,2970,24,8.73258332454347,70.00328308,8.733,70.552,8.742,71.404,8.751,72.221,8.759,73.005,8.766,73.759
1,2916,24,9.0396400131454,71.75197080000001,9.04,72.338,9.045,73.128,9.05,73.885,9.055,74.612,9.059,75.311
1,2888,24,9.02529667909593,75.60039612,9.026,76.201,9.031,76.976,9.036,77.719,9.04,78.432,9.044,79.118
1,2848,24,9.1604833481624,73.50065852,9.161,74.18,9.169,75.024,9.177,75.833,9.184,76.609,9.19,77.355
1,3348,24,9.0854733682944,71.95538288,9.096,72.907,9.109,73.818,9.122,74.691,9.133,75.529,9.143,76.335
1,3335,24,9.3958666871768,72.94291572,9.403,73.845,9.413,74.709,9.423,75.537,9.431,76.333,9.438,77.098
1,3314,24,9.45386001858238,74.46522548,9.459,75.323,9.466,76.144,9.473,76.931,9.479,77.687,9.484,78.414
1,3291,24,9.35300001670074,73.2775614,9.357,74.099,9.362,74.886,9.367,75.641,9.372,76.366,9.376,77.063
1,3272,24,9.48596337483723,74.67848008,9.489,75.478,9.494,76.251,9.499,76.992,9.503,77.704,9.507,78.388
1,3256,24,9.09777667615367,70.2755928,9.1,71.026,9.103,71.755,9.106,72.454,9.109,73.126,9.111,73.772
1,3232,24,8.65289667892306,69.54724632,8.654,70.264,8.656,70.963,8.658,71.634,8.66,72.278,8.662,72.898
1,3219,24,8.39192666812593,67.8149628,8.393,68.518,8.395,69.204,8.397,69.862,8.399,70.494,8.4,71.102
1,3197,24,9.12534001911627,73.23491048,9.127,73.979,9.13,74.709,9.133,75.409,9.136,76.081,9.138,76.728
1,3175,24,8.70638667192636,68.9632568,8.708,69.684,8.711,70.395,8.714,71.077,8.716,71.729,8.718,72.356
1,3152,24,8.70455670163894,67.37861108,8.706,68.094,8.709,68.807,8.712,69.491,8.714,70.148,8.716,70.78
1,163,24,8.67092334794187,66.87008088,8.673,67.607,8.676,68.342,8.679,69.047,8.682,69.725,8.684,70.377
1,3093,24,8.4583466901342,66.46653756,8.46,67.188,8.463,67.926,8.466,68.631,8.469,69.308,8.471,69.956
1,3043,24,8.66070667038199,68.0610258,8.662,68.743,8.665,69.463,8.668,70.154,8.67,70.818,8.672,71.456
1,3026,24,8.73139331752903,70.25262692,8.732,70.924,8.735,71.637,8.738,72.321,8.74,72.978,8.742,73.61
1,2987,24,8.24975668687663,68.42519904000001,8.25,69.063,8.252,69.752,8.254,70.413,8.256,71.048,8.257,71.658
1,2964,24,8.55484998668056,65.93176064,8.555,66.565,8.557,67.271,8.559,67.948,8.561,68.599,8.563,69.225
1,2934,24,8.515830003259,65.22638004,8.516,65.855,8.519,66.579,8.522,67.273,8.525,67.94,8.527,68.582
1,2908,24,8.84380001127861,65.85302048,8.844,66.483,8.848,67.234,8.852,67.954,8.855,68.646,8.858,69.312
1,2845,24,8.5890833434823,70.82677392000001,8.589,71.423,8.592,72.149,8.595,72.845,8.598,73.513,8.6,74.155
1,2822,24,8.79496667676343,69.68504159999999,8.795,70.266,8.798,70.985,8.801,71.675,8.803,72.337,8.805,72.974
1,2790,24,8.801100008105,73.46128843999999,8.801,74.028,8.804,74.742,8.807,75.427,8.809,76.085,8.811,76.718
1,2751,24,8.9320599950051,70.45931983999999,8.932,71.017,8.936,71.76,8.94,72.472,8.943,73.156,8.946,73.814
1,2723,24,8.8110466600838,67.72966095999999,8.811,68.275,8.816,69.044,8.821,69.781,8.825,70.489,8.828,71.17
1,2693,24,8.3673933438525,69.0780862,,,,,,,,,,
1,2666,24,8.55047000526856,71.18438548,,,,,,,,,,
1,2637,24,7.725566694528,69.64239068,,,,,,,,,,
1,2583,24,8.30617336388297,67.21128824,,,,,,,,,,
1,2551,24,9.44319002608016,73.94029108,9.443,74.489,9.458,75.426,9.473,76.324,9.486,77.186,9.497,78.014
1,2505,24,8.69837000998387,69.3733618,,,,,,,,,,
1,2478,24,9.24723668639013,74.1797924,9.247,74.725,9.256,75.589,9.265,76.413,9.273,77.2,9.28,77.956
1,2416,24,8.36035668447436,68.9304484,,,,,,,,,,
1,2350,24,8.38256336002527,69.70800748,8.383,70.261,8.386,71.0,8.389,71.708,8.392,72.388,8.395,73.042
1,2287,24,8.21693003692886,73.54987111999999,8.217,74.11,8.219,74.813,8.221,75.487,8.223,76.134,8.225,76.756
1,2136,24,9.14354669705658,72.20472672,9.144,72.862,9.147,73.575,9.15,74.259,9.152,74.913,9.154,75.542
1,2092,24,9.11526001428107,76.42388696,9.116,77.109,9.119,77.819,9.122,78.5,9.124,79.154,9.126,79.783
1,2065,24,10.4411966677227,72.9822858,10.446,73.807,10.455,74.652,10.464,75.463,10.471,76.242,10.477,76.991
1,4009,24,9.49293333917679,71.93897868,9.503,72.89,9.517,73.815,9.531,74.702,9.543,75.554,9.554,76.373
1,3978,24,9.73218001428117,74.37336196,9.737,75.216,9.745,76.053,9.753,76.855,9.76,77.626,9.766,78.367
1,3888,24,8.7334666901361,71.03346684,8.734,71.704,8.736,72.387,8.738,73.043,8.74,73.673,8.741,74.277
1,3871,24,8.30494001874803,68.1758552,8.305,68.799,8.306,69.434,8.307,70.043,8.308,70.629,8.309,71.191
1,3854,24,8.18254000055229,66.98162944,8.183,67.598,8.184,68.232,8.185,68.84,8.186,69.424,8.187,69.986
1,3804,24,8.54342668737623,69.34383423999999,8.544,69.959,8.545,70.608,8.546,71.23,8.547,71.828,8.548,72.404
1,3788,24,7.80403000031706,66.39435908,7.804,66.966,7.805,67.566,7.806,68.142,7.806,68.696,7.806,69.229
1,3765,24,8.2428066876316,68.93701008000001,8.243,69.527,8.244,70.162,8.245,70.771,8.246,71.356,8.247,71.919
1,3743,24,8.46367000135193,67.29002840000001,8.464,67.878,8.465,68.523,8.466,69.142,8.467,69.736,8.468,70.308
1,3734,24,8.27453335361144,65.47572388,8.275,66.06,8.276,66.713,8.277,67.34,8.278,67.942,8.279,68.521
1,3692,24,8.5809734049875,69.56036968000001,8.581,70.15,8.583,70.838,8.585,71.498,8.587,72.132,8.588,72.742
1,3675,24,7.75320001454352,67.89042212000001,7.753,68.443,7.754,69.085,7.755,69.701,7.756,70.293,7.757,70.862
1,3637,24,8.36536337707124,70.23622272,8.365,70.799,8.368,71.511,8.371,72.194,8.373,72.85,8.375,73.481
1,3600,24,8.36726338020223,69.9475088,8.367,70.504,8.37,71.245,8.373,71.953,8.376,72.632,8.379,73.285
1,3580,24,7.75481669375413,68.05446411999999,,,,,,,,,,
1,3548,24,8.95483666654401,73.88123596,8.955,74.437,8.969,75.359,8.983,76.243,8.995,77.091,9.005,77.906
1,3519,24,8.4343433215786,69.45866364,,,,,,,,,,
1,3493,24,8.4469867183071,65.53805984,,,,,,,,,,
1,3447,24,8.6619733392815,70.65945108,8.662,71.203,8.708,72.361,8.754,73.472,8.794,74.539,8.827,75.557
1,3337,24,8.99866667807423,74.16010736,,,,,,,,,,
1,3299,24,8.93158665407614,73.93044856,,,,,,,,,,
1,3261,24,9.20373669278357,73.9337294,,,,,,,,,,
1,3241,24,9.13719336906584,72.05052724,,,,,,,,,,
1,170,24,9.59510999590234,69.9311046,9.595,70.483,9.604,71.332,9.613,72.146,9.62,72.928,9.626,73.68
1,3180,24,9.47573999048199,72.89698396,9.476,73.464,9.481,74.255,9.486,75.013,9.491,75.741,9.495,76.441
1,3154,24,8.69394669278754,69.49147204,8.694,70.054,8.697,70.78,8.7,71.476,8.703,72.145,8.705,72.788
1,164,24,9.24066336547654,73.080711,9.241,73.688,9.246,74.464,9.251,75.208,9.255,75.923,9.259,76.61
1,3115,24,10.082233295999,77.05708908,10.084,77.782,10.096,78.686,10.109,79.553,10.12,80.385,10.129,81.185
1,4140,24,10.2034566668695,73.900921,10.208,74.735,10.215,75.551,10.222,76.333,10.228,77.082,10.233,77.802
1,4122,24,8.65691001595793,72.74606532,8.658,73.399,8.659,74.044,8.66,74.663,8.661,75.258,8.662,75.83
1,4113,24,8.66091668512973,70.03609148000001,8.661,70.666,8.662,71.296,8.663,71.901,8.664,72.482,8.665,73.041
1,4087,24,8.9279766558154,72.4409472,8.928,73.042,8.929,73.652,8.93,74.237,8.931,74.8,8.932,75.342
1,4077,24,8.785909999632,68.8812358,8.786,69.462,8.787,70.056,8.788,70.626,8.788,71.174,8.788,71.702
1,4063,24,8.2189266745368,68.32021216000001,8.219,68.874,8.219,69.446,8.219,69.995,8.219,70.523,8.219,71.031
1,4039,24,7.82173336862643,65.3379286,,,,,,,,,,
1,4024,24,8.6314866910191,69.76378176,8.632,70.308,8.633,70.912,8.634,71.492,8.635,72.049,8.635,72.585
1,4005,24,8.69585332098077,67.54921476,,,,,,,,,,
1,3996,24,8.69253001456007,67.29659008,,,,,,,,,,
1,3976,24,8.65920001117317,71.04987104,,,,,,,,,,
1,3930,24,8.06545334177819,66.95866355999999,,,,,,,,,,
1,3876,24,7.62696001979683,64.08464772,,,,,,,,,,
1,3855,24,8.71156002239844,66.49606512,,,,,,,,,,
1,3827,24,8.33177002404216,69.50787624,,,,,,,,,,
1,3770,24,8.38860000902221,72.93635404000001,,,,,,,,,,
1,3735,24,9.0862100547004,72.31955612,,,,,,,,,,
1,3717,24,8.01737669251504,69.82939856,,,,,,,,,,
1,3681,24,8.90281002941494,67.66076332,,,,,,,,,,
1,3661,24,8.03893002041007,69.99344056,,,,,,,,,,
1,3644,24,7.8736800133802,67.4704746,,,,,,,,,,
1,3566,24,8.05113003003883,69.46194448,,,,,,,,,,
1,3559,24,8.47861333768659,67.97244312,,,,,,,,,,
1,3529,24,8.7051533450468,69.24540904,,,,,,,,,,
1,185,24,8.65689667274097,70.17060592,,,,,,,,,,
1,3477,24,8.3454333798701,71.02034348,,,,,,,,,,
1,3454,24,8.8463766601653,72.55577659999999,,,,,,,,,,
1,3436,24,7.84268001377547,69.74409672,,,,,,,,,,
1,3401,24,8.29660000716988,68.42519904000001,,,,,,,,,,
1,176,24,9.35217525044342,66.95210188,9.352,67.534,9.359,68.349,9.366,69.131,9.372,69.882,9.377,70.604
1,3346,24,9.47586668881543,77.74606548,9.476,78.385,9.482,79.179,9.488,79.94,9.493,80.671,9.497,81.374
1,3330,24,10.2835099680631,74.25853256,10.286,75.0,10.298,75.898,10.31,76.759,10.321,77.586,10.33,78.382
1,4111,24,10.0196500180965,73.50393936,10.024,74.338,10.031,75.153,10.038,75.935,10.044,76.686,10.049,77.409
1,4098,24,9.1756367093122,72.14895244,9.177,72.86,9.179,73.561,9.181,74.234,9.183,74.88,9.185,75.502
1,4055,24,8.51293005622314,71.92585532,8.513,72.539,8.514,73.16,8.515,73.756,8.516,74.329,8.517,74.88
1,4044,24,8.20726668810767,74.0485588,8.207,74.632,8.207,75.226,8.207,75.796,8.207,76.344,8.207,76.871
1,4019,24,8.73853334514476,72.424543,8.739,73.012,8.74,73.631,8.741,74.225,8.742,74.796,8.743,75.345
1,3971,24,8.07963670036543,66.27296799999999,,,,,,,,,,
1,3954,24,7.6797699999939,66.9127318,,,,,,,,,,
1,3920,24,8.67879335903251,69.48162952,,,,,,,,,,
1,3903,24,8.38245000672447,64.9114194,,,,,,,,,,
1,3889,24,8.723523335722,71.768375,8.724,72.314,8.726,72.998,8.728,73.654,8.73,74.285,8.731,74.892
1,3873,24,7.9996066889184,66.68963468000001,,,,,,,,,,
1,3840,24,8.62114333915493,67.39173444000001,8.621,67.935,8.623,68.636,8.625,69.308,8.627,69.954,8.629,70.575
1,201,24,9.11497336565851,64.72769235999999,9.115,65.275,9.119,66.036,9.123,66.767,9.127,67.469,9.13,68.144
1,3781,24,9.38514335439616,69.54396548,9.385,70.089,9.39,70.877,9.395,71.633,9.4,72.359,9.404,73.057
1,3760,24,9.0384800102285,70.47572404,,,,,,,,,,
1,3748,24,9.42444333996843,72.5721808,9.425,73.117,9.437,74.011,9.449,74.869,9.459,75.692,9.468,76.484
1,3724,24,8.71956664550079,69.17323056,,,,,,,,,,
1,3710,24,8.65383000392326,70.86286316,,,,,,,,,,
1,3685,24,8.87806335432463,69.26837492,,,,,,,,,,
1,3670,24,8.34045000210717,65.73491024,,,,,,,,,,
1,3650,24,8.39919333136583,68.76968724,,,,,,,,,,
1,3628,24,8.70373002645011,67.96588144,,,,,,,,,,
1,3613,24,8.7834199991293,70.5216558,,,,,,,,,,
1,3582,24,8.64187667427917,67.87073708,,,,,,,,,,
1,3574,24,8.78151002722604,69.14698384,,,,,,,,,,
1,3558,24,8.68270999285476,68.82218068,,,,,,,,,,
1,3535,24,8.2770233513526,70.73491039999999,,,,,,,,,,
1,3485,24,8.62720334430863,71.7847792,,,,,,,,,,
1,3460,24,9.41361002998477,74.85564543999999,,,,,,,,,,
1,181,24,8.63001999124916,71.30577656000001,,,,,,,,,,
1,3426,24,8.24359002209807,71.15813876,,,,,,,,,,
1,3372,24,8.9159966860582,71.69619652,,,,,,,,,,
1,3349,24,8.21860003077257,71.34514664,,,,,,,,,,
1,3313,24,9.35415001255397,71.53215452,9.354,72.125,9.359,72.895,9.364,73.634,9.368,74.343,9.371,75.025
1,3278,24,9.9430299792313,72.15551411999999,9.944,72.863,9.953,73.721,9.962,74.543,9.97,75.333,9.977,76.093
1,4214,24,9.56160999244987,67.07021212000001,9.564,67.842,9.568,68.592,9.572,69.312,9.575,70.004,9.578,70.669
1,4205,24,9.57735669638724,74.24212836000001,9.578,74.92,9.579,75.582,9.58,76.218,9.581,76.829,9.582,77.417
1,4195,24,8.69440667978097,70.47572404,8.695,71.078,8.696,71.673,8.697,72.244,8.697,72.793,8.697,73.321
1,4183,24,7.956776693787,68.25131452000001,7.957,68.82,7.957,69.383,7.957,69.924,7.957,70.444,7.957,70.944
1,4166,24,8.80627670301731,67.93635388,8.806,68.518,8.806,69.101,8.806,69.661,8.806,70.2,8.806,70.719
1,4155,24,8.76246001311109,70.5052516,8.763,71.082,8.763,71.664,8.763,72.223,8.763,72.76,8.763,73.277
1,4123,24,8.37768668155477,64.81299419999999,8.378,65.367,8.378,65.94,8.378,66.49,8.378,67.019,8.378,67.529
1,4108,24,8.68841333302959,67.52296804,8.688,68.074,8.688,68.652,8.688,69.205,8.688,69.737,8.688,70.249
1,4094,24,8.95179000308104,70.60695764,8.952,71.168,8.953,71.773,8.954,72.353,8.955,72.91,8.955,73.446
1,4072,24,8.14530000678883,66.49606512,,,,,,,,,,
1,3951,24,8.3152167337044,67.60498904,,,,,,,,,,
1,3925,24,8.447873346254,66.44357167999999,,,,,,,,,,
1,3905,24,8.28979667152619,66.31889976,,,,,,,,,,
1,3885,24,8.8042933419649,72.60498919999999,,,,,,,,,,
1,3867,24,8.60688664589616,68.01509404000001,,,,,,,,,,
1,3848,24,8.44323338459967,69.07152452,,,,,,,,,,
1,3817,24,9.05775002933927,71.5879288,,,,,,,,,,
1,3797,24,8.4451600137314,67.82808616,,,,,,,,,,
1,3761,24,8.04771671977229,68.83530404000001,,,,,,,,,,
1,3726,24,8.30447670327414,69.17323056,,,,,,,,,,
1,3714,24,8.82974333930557,71.83071095999999,,,,,,,,,,
1,3686,24,9.90290001780898,71.55183956,,,,,,,,,,
1,3671,24,9.12527667744067,73.15945116,,,,,,,,,,
1,3652,24,8.84461000086107,73.67126219999999,,,,,,,,,,
1,3638,24,9.23079332750597,72.588585,,,,,,,,,,
1,3602,24,9.29416665106884,75.94488432,,,,,,,,,,
1,3576,24,8.40219334654696,69.52756128,,,,,,,,,,
1,3521,24,9.14853000230526,74.5078764,9.149,75.081,9.151,75.76,9.153,76.411,9.155,77.037,9.156,77.639
1,3500,24,9.5360700124303,78.2972466,9.536,78.899,9.538,79.589,9.54,80.251,9.542,80.887,9.544,81.499
1,182,24,9.62640334972634,74.07808636,9.627,74.712,9.63,75.433,9.633,76.125,9.635,76.79,9.637,77.429
1,3465,24,9.97062000893997,68.3727056,9.972,69.094,9.979,69.908,9.986,70.689,9.992,71.439,9.997,72.161
1,3965,24,9.63716665115811,72.34908367999999,9.656,73.411,9.68,74.428,9.704,75.404,9.725,76.341,9.743,77.242
1,3949,24,9.90263664471253,72.52952988,9.913,73.475,9.927,74.395,9.941,75.277,9.953,76.124,9.963,76.939
1,3934,24,9.492586683948,73.490816,9.498,74.347,9.506,75.188,9.514,75.994,9.521,76.768,9.527,77.513
1,3918,24,8.44189000572393,66.36483152000001,8.444,67.113,8.448,67.855,8.452,68.567,8.455,69.251,8.458,69.909
1,3902,24,8.50187001154113,66.3057764,8.504,67.041,8.507,67.775,8.51,68.479,8.513,69.155,8.515,69.805
1,3882,24,8.9276533363668,67.6837292,8.93,68.443,8.934,69.202,8.938,69.927,8.942,70.624,8.945,71.294
1,3858,24,9.01275002717562,71.20078968,9.015,71.951,9.019,72.703,9.023,73.424,9.026,74.116,9.029,74.782
1,3844,24,9.22991999762413,73.15617031999999,9.232,73.884,9.235,74.619,9.238,75.324,9.241,76.001,9.243,76.652
1,3826,24,9.43145667404491,73.15945116,9.434,73.914,9.438,74.678,9.442,75.41,9.446,76.114,9.449,76.791
1,3814,24,8.91269667529416,72.29987108,8.914,72.988,8.916,73.688,8.918,74.359,8.92,75.004,8.922,75.624
1,3796,24,8.82789001342384,72.50000232,8.829,73.181,8.831,73.878,8.833,74.547,8.835,75.189,8.837,75.807
1,3773,24,9.04979668478189,71.70931988,9.051,72.407,9.054,73.132,9.057,73.827,9.06,74.495,9.062,75.137
1,3742,24,9.24549336363349,70.08202324,9.247,70.788,9.251,71.533,9.255,72.247,9.258,72.931,9.261,73.588
1,3698,24,8.7226366873701,69.71785,8.723,70.372,8.725,71.079,8.727,71.757,8.729,72.409,8.731,73.036
1,3684,24,8.37681000870756,67.15223312,8.377,67.768,8.379,68.438,8.381,69.081,8.382,69.699,8.383,70.293
1,3664,24,9.20372334520169,71.61089468,9.204,72.259,9.207,72.984,9.21,73.676,9.213,74.341,9.215,74.981
1,3648,24,8.70313000613467,68.27099956,8.703,68.872,8.705,69.549,8.707,70.199,8.709,70.823,8.71,71.423
1,3627,24,8.51574332792983,67.59514652,8.516,68.182,8.518,68.855,8.52,69.501,8.521,70.121,8.522,70.718
1,3606,24,8.92599668550943,69.76050092,8.926,70.367,8.928,71.07,8.93,71.745,8.932,72.393,8.934,73.017
1,3589,24,8.63361998895279,64.68832228,8.634,65.278,8.636,65.977,8.638,66.647,8.64,67.291,8.642,67.911
1,190,24,8.19136999125844,62.58858468,8.191,63.146,8.193,63.816,8.195,64.459,8.196,65.077,8.197,65.671
1,3556,24,8.39366667943497,68.33005468,8.394,68.893,8.396,69.587,8.398,70.253,8.4,70.892,8.402,71.507
1,3547,24,8.63620997753219,68.30380796,8.636,68.867,8.639,69.602,8.642,70.307,8.645,70.984,8.647,71.635
1,3518,24,9.63051669245554,70.86942484,9.631,71.463,9.64,72.314,9.649,73.131,9.657,73.915,9.664,74.669
1,3495,24,7.9612000106369,69.553808,,,,,,,,,,
1,3464,24,7.40826334435964,68.59252188,,,,,,,,,,
1,3438,24,8.10892999566954,69.73097336000001,,,,,,,,,,
1,3362,24,8.23881668145916,68.56299432,,,,,,,,,,
1,3352,24,8.15138670851067,64.67847976,,,,,,,,,,
1,3334,24,7.4430333371126,63.47113064,,,,,,,,,,
1,3295,24,7.55277666154699,66.38451656000001,,,,,,,,,,
1,3274,24,8.55741000115192,70.18044843999999,,,,,,,,,,
1,3258,24,8.56578000738937,67.45407039999999,,,,,,,,,,
1,3235,24,9.14776002445213,74.01903124,,,,,,,,,,
1,3212,24,8.3008766959268,69.95078964000001,,,,,,,,,,
1,3172,24,9.67813335564587,74.16994988,9.678,74.718,9.687,75.571,9.696,76.389,9.704,77.174,9.71,77.925
1,3149,24,9.05571334003571,69.4061702,9.056,69.95,9.06,70.712,9.064,71.443,9.068,72.145,9.071,72.817
1,3108,24,8.72834332543403,71.74540911999999,8.728,72.298,8.731,73.012,8.734,73.696,8.736,74.353,8.738,74.985
1,3082,24,9.75537334293747,73.36614408,9.756,73.995,9.762,74.793,9.768,75.558,9.773,76.293,9.777,76.999
1,4238,24,9.85551998472743,68.88451664,9.86,69.717,9.866,70.522,9.872,71.295,9.877,72.038,9.882,72.752
1,4227,24,9.2773266843823,68.61220692,9.279,69.309,9.281,69.986,9.283,70.635,9.285,71.259,9.286,71.86
1,4215,24,9.002370022208,69.56693136,9.003,70.21,9.004,70.842,9.005,71.448,9.006,72.031,9.007,72.592
1,227,24,9.02958667960604,67.26378168,9.03,67.891,9.031,68.514,9.032,69.112,9.033,69.687,9.034,70.24
1,4192,24,8.9362633173219,68.39239064,8.937,69.001,8.938,69.612,8.939,70.199,8.94,70.763,8.941,71.306
1,4173,24,8.64715330496024,70.45275816,8.647,71.041,8.647,71.634,8.647,72.203,8.647,72.75,8.647,73.277
1,4164,24,8.54129999019833,66.12204936,8.541,66.699,8.541,67.283,8.541,67.844,8.541,68.384,8.541,68.903
1,4148,24,8.58912665314243,67.25065832,8.589,67.821,8.589,68.409,8.589,68.974,8.589,69.515,8.589,70.036
1,4125,24,9.3064633597917,72.45407056,9.307,73.042,9.308,73.669,9.309,74.271,9.31,74.85,9.311,75.407
1,4102,24,8.54765001933326,67.1259864,8.548,67.681,8.549,68.282,8.55,68.859,8.55,69.414,8.55,69.948
1,4095,24,9.13969002258814,71.36811252,9.14,71.941,9.141,72.58,9.142,73.193,9.143,73.782,9.144,74.347
1,4078,24,8.85634000912883,71.89304692,8.856,72.461,8.857,73.107,8.858,73.727,8.859,74.323,8.86,74.896
1,4064,24,8.79550000600696,70.92519911999999,8.796,71.496,8.797,72.158,8.798,72.793,8.799,73.403,8.8,73.99
1,4050,24,8.55116670833446,67.82480532,8.551,68.397,8.553,69.091,8.555,69.757,8.557,70.397,8.559,71.013
1,4023,24,8.45482335364939,69.08464787999999,8.455,69.646,8.458,70.388,8.461,71.099,8.464,71.782,8.467,72.439
1,209,24,7.76611335075534,66.6502646,,,,,,,,,,
1,3986,24,8.59361003554976,68.86811244,8.594,69.427,8.601,70.251,8.608,71.041,8.614,71.799,8.619,72.528
1,3932,24,8.15520335421743,69.50131456,,,,,,,,,,
1,3896,24,8.45160334046757,70.64960855999999,,,,,,,,,,
1,3878,24,8.01162000581366,71.14501539999999,,,,,,,,,,
1,3861,24,8.56489667421083,67.19488404,,,,,,,,,,
1,204,24,8.1400000267683,69.18307308,,,,,,,,,,
1,3831,24,8.8895700462696,73.5236244,,,,,,,,,,
1,3806,24,9.72879004429257,73.82218084,9.729,74.374,9.748,75.35,9.767,76.286,9.784,77.185,9.798,78.049
1,199,24,8.2457666707833,69.11745628,,,,,,,,,,
1,3756,24,8.0806066291051,66.02034332000001,,,,,,,,,,
1,3700,24,8.65907003974064,75.97113103999999,,,,,,,,,,
1,3672,24,9.20332332745671,72.27362436,9.203,72.83,9.208,73.601,9.213,74.341,9.217,75.051,9.22,75.734
1,3641,24,8.76243664349539,73.41207584,8.762,73.953,8.764,74.656,8.766,75.33,8.768,75.977,8.77,76.599
1,3631,24,8.86108668290111,72.92979236,8.861,73.48,8.863,74.165,8.865,74.822,8.867,75.453,8.868,76.06
1,191,24,8.1027467022708,70.33136708,8.103,70.873,8.104,71.51,8.105,72.122,8.106,72.71,8.107,73.275
1,3581,24,9.02571007756637,74.47178716,9.026,75.053,9.028,75.74,9.03,76.397,9.032,77.028,9.033,77.635
1,3567,24,8.28879337055597,68.5203434,8.289,69.096,8.29,69.747,8.291,70.372,8.292,70.972,8.293,71.549
1,3537,24,9.75384334238097,70.64632772,9.755,71.329,9.76,72.098,9.765,72.836,9.769,73.545,9.772,74.227
1,3505,24,9.6997033788427,74.40945119999999,9.702,75.173,9.711,76.022,9.72,76.836,9.727,77.617,9.733,78.368
1,4293,24,9.13626189604398,70.30512035999999,9.145,71.233,9.156,72.122,9.167,72.974,9.177,73.792,9.185,74.579
1,4284,24,9.85213334270997,71.82414928,9.858,72.694,9.866,73.527,9.874,74.326,9.881,75.094,9.887,75.833
1,4276,24,9.01138667169657,70.07546156000001,9.014,70.828,9.017,71.549,9.02,72.241,9.022,72.906,9.024,73.545
1,4271,24,9.28651000553117,71.74212828,9.289,72.488,9.292,73.203,9.295,73.889,9.297,74.548,9.299,75.182
1,4265,24,9.18101000613487,71.03674768,9.182,71.743,9.184,72.422,9.186,73.074,9.188,73.701,9.189,74.304
1,4256,24,9.3434700313043,70.50197076,9.345,71.207,9.347,71.888,9.349,72.541,9.351,73.169,9.352,73.773
1,4251,24,9.60964000717337,70.08530408,9.612,70.832,9.615,71.557,9.618,72.253,9.621,72.922,9.623,73.565
1,219,24,8.42554672294911,66.98491028000001,8.427,67.686,8.429,68.367,8.431,69.02,8.433,69.648,8.434,70.252
1,218,24,9.46370669174146,67.54921476,9.465,68.259,9.467,68.96,9.469,69.633,9.471,70.279,9.473,70.901
1,4219,24,9.89223335221374,71.61417552,9.894,72.321,9.896,73.019,9.898,73.689,9.9,74.333,9.902,74.952
1,4208,24,9.45093999221469,71.11876868,9.452,71.815,9.454,72.509,9.456,73.175,9.458,73.815,9.46,74.431
1,4189,24,9.37326999806166,68.29396544,9.375,68.998,9.378,69.713,9.381,70.399,9.383,71.058,9.385,71.692
1,4180,24,9.87958664215367,71.89632776,9.882,72.637,9.886,73.399,9.89,74.131,9.894,74.834,9.897,75.51
1,4162,24,9.46129667046078,71.04987104,9.463,71.763,9.467,72.511,9.471,73.229,9.474,73.919,9.477,74.582
1,4150,24,8.90028331927447,64.9934404,8.901,65.675,8.904,66.393,8.907,67.082,8.909,67.744,8.911,68.381
1,4143,24,10.3141533186197,67.33596016,10.316,68.081,10.322,68.883,10.328,69.653,10.333,70.393,10.338,71.105
1,4132,24,10.1983133349397,70.41010723999999,10.2,71.149,10.207,71.962,10.214,72.743,10.22,73.493,10.225,74.215
1,4103,24,9.66635665444997,70.3576138,9.668,71.066,9.674,71.871,9.68,72.644,9.685,73.386,9.69,74.1
1,4088,24,10.1913766619171,66.62729872,10.194,67.372,10.203,68.228,10.212,69.05,10.22,69.84,10.227,70.6
1,4065,24,9.7678366751976,71.21719388,9.769,71.904,9.776,72.715,9.783,73.493,9.789,74.24,9.794,74.959
1,4048,24,9.01721002603425,68.51050088000001,9.018,69.152,9.023,69.923,9.028,70.663,9.032,71.373,9.035,72.056
1,213,24,9.25417002313143,67.82152448000001,9.256,68.54,9.265,69.394,9.274,70.213,9.282,71.0,9.289,71.757
1,4021,24,8.58475664016869,64.632548,8.585,65.253,8.589,66.006,8.593,66.725,8.596,67.416,8.599,68.08
1,4007,24,9.2308533477273,67.93307304,9.231,68.565,9.236,69.336,9.241,70.075,9.245,70.785,9.248,71.468
1,3993,24,9.42739331311223,70.60039596,9.428,71.242,9.433,72.029,9.438,72.784,9.443,73.509,9.447,74.206
1,3973,24,9.01991668043066,68.17257436,9.02,68.782,9.024,69.526,9.028,70.24,9.031,70.925,9.034,71.584
1,3956,24,9.12732002200456,72.71325692,9.128,73.326,9.132,74.07,9.136,74.784,9.139,75.469,9.142,76.128
1,3943,24,9.71686332245544,72.70997607999999,9.718,73.373,9.724,74.168,9.73,74.931,9.735,75.664,9.739,76.369
1,3926,24,9.7358566814708,74.33399188,9.737,74.985,9.742,75.764,9.747,76.511,9.751,77.229,9.755,77.919
1,3910,24,9.49181335710824,70.00656392,9.492,70.653,9.496,71.416,9.5,72.145,9.504,72.845,9.507,73.518
1,3886,24,9.26059002679985,73.66141968000001,9.261,74.272,9.264,74.994,9.267,75.687,9.27,76.353,9.272,76.993
1,3868,24,9.47929668644374,72.95931992,9.48,73.583,9.483,74.314,9.486,75.015,9.489,75.689,9.491,76.337
1,3851,24,9.46361001854604,71.40420175999999,9.464,72.036,9.467,72.763,9.47,73.461,9.473,74.131,9.475,74.776
1,3832,24,9.01091670846369,73.33661652,9.011,73.939,9.013,74.624,9.015,75.281,9.017,75.912,9.018,76.519
1,3818,24,8.6465533477519,75.47900504,8.647,76.073,8.648,76.737,8.649,77.373,8.65,77.984,8.651,78.572
1,205,24,8.63932669599104,70.57414924,8.64,71.221,8.643,71.948,8.646,72.645,8.649,73.315,8.651,73.959
1,3798,24,8.57052670334907,75.16076355999999,8.571,75.759,8.573,76.428,8.575,77.07,8.576,77.687,8.577,78.28
1,3782,24,9.17361004008867,77.40813896,9.174,78.049,9.176,78.758,9.178,79.438,9.18,80.091,9.182,80.719
1,3768,24,9.75021334906987,77.32611795999999,9.752,78.037,9.757,78.806,9.762,79.544,9.766,80.253,9.769,80.934
1,3745,24,10.0911166968841,75.80052736,10.093,76.532,10.098,77.318,10.103,78.072,10.108,78.796,10.112,79.493
1,196,24,9.92314670752044,69.59317808,9.925,70.344,9.931,71.134,9.937,71.892,9.942,72.62,9.946,73.321
1,3687,24,9.68505999315061,69.2913408,9.688,70.05,9.694,70.841,9.7,71.6,9.705,72.329,9.709,73.03
1,3688,24,8.63676331759423,64.10105192,8.64,64.883,8.646,65.687,8.652,66.458,8.657,67.199,8.662,67.911
1,3653,24,9.9670933624562,68.5531518,9.974,69.447,9.988,70.366,10.002,71.247,10.014,72.094,10.025,72.908
1,3677,24,9.89278333076417,67.38189192,9.908,68.4,9.934,69.431,9.96,70.415,9.982,71.361,10.001,72.271
1,4281,24,9.76000667112824,68.12008092,9.768,69.02,9.778,69.883,9.788,70.711,9.796,71.506,9.803,72.271
1,4266,24,9.76095666669337,70.33136708,9.764,71.126,9.768,71.888,9.772,72.619,9.776,73.321,9.779,73.997
1,4258,24,8.4514733286543,66.59449031999999,8.452,67.261,8.453,67.905,8.454,68.523,8.455,69.117,8.456,69.688
1,4254,24,9.54750668423052,73.84842756,9.549,74.542,9.551,75.218,9.553,75.867,9.555,76.49,9.556,77.09
1,4243,24,8.33924337374241,69.68176076,8.34,70.308,8.341,70.921,8.342,71.509,8.343,72.074,8.344,72.618
1,4232,24,7.5020800160323,69.58005471999999,7.502,70.162,7.502,70.733,7.502,71.281,7.502,71.808,7.502,72.315
1,4224,24,8.7710733502566,69.04855864,8.772,69.681,8.773,70.306,8.774,70.906,8.775,71.483,8.776,72.038
1,4210,24,8.82694005224873,71.15813876,8.827,71.775,8.828,72.388,8.829,72.977,8.83,73.543,8.831,74.088
1,4204,24,8.92509005178091,69.38648516,8.925,70.007,8.926,70.626,8.927,71.22,8.928,71.791,8.929,72.341
1,4198,24,8.46706999272837,67.65092080000001,8.467,68.242,8.467,68.835,8.467,69.404,8.467,69.951,8.467,70.478
1,4185,24,8.90037334850987,70.39698388000001,8.901,71.006,8.902,71.622,8.903,72.213,8.904,72.781,8.905,73.328
1,4175,24,8.54189333944253,66.08924096,8.542,66.686,8.543,67.3,8.544,67.889,8.545,68.455,8.546,69.0
1,4159,24,8.78179670590573,70.34449044,8.782,70.961,8.783,71.612,8.784,72.237,8.785,72.838,8.786,73.416
1,4144,24,8.7393533224139,67.47703628000001,8.74,68.086,8.741,68.737,8.742,69.362,8.743,69.963,8.744,70.541
1,4131,24,8.732310027505,68.63845364,8.733,69.241,8.734,69.893,8.735,70.519,8.736,71.12,8.737,71.699
1,4120,24,9.65917002473878,66.92585516,9.66,67.572,9.663,68.301,9.666,69.001,9.669,69.673,9.671,70.32
1,4099,24,9.07061333480078,70.7677188,9.071,71.388,9.073,72.094,9.075,72.771,9.077,73.422,9.079,74.048
1,4085,24,8.7306333535436,70.09842744,8.731,70.7,8.733,71.393,8.735,72.058,8.737,72.697,8.739,73.311
1,4070,24,8.56487665980306,66.82414912,8.565,67.418,8.567,68.116,8.569,68.786,8.571,69.43,8.573,70.049
1,212,24,8.3429866682019,67.27690504,8.343,67.856,8.345,68.544,8.347,69.204,8.349,69.838,8.35,70.448
1,4042,24,9.49110668295117,70.25262692,9.492,70.88,9.497,71.661,9.502,72.41,9.506,73.13,9.51,73.822
1,4011,24,9.47165667607904,67.00787616,9.472,67.635,9.479,68.458,9.486,69.247,9.492,70.005,9.497,70.734
1,3987,24,7.72169667027353,67.39173444000001,7.722,67.936,7.724,68.639,7.726,69.313,7.728,69.96,7.73,70.582
1,3967,24,8.8369200355737,67.4048578,8.837,67.98,8.842,68.748,8.847,69.485,8.851,70.193,8.854,70.874
1,207,24,8.14472667511963,66.75853232,8.145,67.305,8.148,68.026,8.151,68.717,8.153,69.381,8.155,70.019
1,3914,24,8.83109000344066,72.15551411999999,8.831,72.716,8.834,73.453,8.837,74.159,8.84,74.837,8.842,75.489
1,3891,24,8.69026000329003,72.41470048,8.69,72.968,8.693,73.69,8.696,74.382,8.698,75.047,8.7,75.686
1,3879,24,8.93705666018553,70.22309936,8.937,70.79,8.941,71.532,8.945,72.244,8.948,72.928,8.951,73.586
1,203,24,8.6309800025238,70.4068264,8.631,70.968,8.634,71.684,8.637,72.371,8.639,73.031,8.641,73.666
1,3835,24,8.73960669523473,74.14042232,8.74,74.712,8.742,75.413,8.744,76.085,8.746,76.73,8.748,77.35
1,3771,24,8.4426000346809,72.36876872,8.443,72.941,8.445,73.618,8.447,74.267,8.448,74.888,8.449,75.485
1,3731,24,8.8138367007377,73.03477923999999,8.814,73.616,8.816,74.29,8.818,74.936,8.819,75.557,8.82,76.154
1,3718,24,8.74248003228473,76.25984496,8.743,76.851,8.744,77.516,8.745,78.154,8.746,78.767,8.747,79.356
1,3696,24,8.59733669173824,72.80512044,8.598,73.406,8.6,74.075,8.602,74.716,8.603,75.332,8.604,75.925
1,3665,24,9.64408001624264,72.61483172,9.645,73.295,9.649,74.037,9.653,74.749,9.656,75.433,9.659,76.091
1,3646,24,9.61442335273036,72.25065848,9.616,72.964,9.62,73.729,9.624,74.463,9.628,75.168,9.631,75.846
1,3617,24,9.02465668018223,70.30512035999999,9.027,71.062,9.033,71.865,9.039,72.635,9.044,73.374,9.048,74.084
1,414,24,9.44950335104934,71.1286112,9.46,72.074,9.474,72.995,9.488,73.878,9.5,74.726,9.51,75.541
1,393,24,8.00570001673819,68.2742804,8.007,69.002,8.01,69.731,8.013,70.43,8.016,71.101,8.018,71.746
1,345,24,7.73866333701693,64.95407032,7.739,65.571,7.74,66.216,7.741,66.835,7.742,67.43,7.743,68.002
1,332,24,8.15660000617404,66.84055332,8.157,67.427,8.158,68.043,8.159,68.634,8.16,69.202,8.161,69.749
1,324,24,7.77904667267033,67.8969838,7.779,68.463,7.779,69.053,7.779,69.62,7.779,70.165,7.779,70.689
1,313,24,7.9381333236203,70.55118336000001,7.938,71.115,7.938,71.704,7.938,72.269,7.938,72.812,7.938,73.335
1,299,24,7.89078666503813,69.0288736,7.891,69.593,7.891,70.185,7.891,70.752,7.891,71.297,7.891,71.821
1,286,24,7.66020337930071,71.33530411999999,7.66,71.903,7.661,72.502,7.662,73.077,7.662,73.63,7.662,74.162
1,274,24,8.58091667802261,71.44685268,8.581,72.066,8.582,72.721,8.583,73.349,8.584,73.953,8.585,74.534
1,272,24,8.36262333925697,66.61745619999999,8.363,67.232,8.364,67.879,8.365,68.498,8.366,69.093,8.367,69.665
1,247,24,8.15889333927484,63.89107816,8.161,64.637,8.165,65.393,8.169,66.118,8.172,66.814,8.175,67.483
1,241,24,8.97717669832658,64.31102568,8.984,65.185,8.994,66.058,9.004,66.896,9.013,67.701,9.021,68.475
1,326,24,8.57393003876563,65.19685248,8.585,66.159,8.599,67.08,8.613,67.963,8.625,68.811,8.635,69.626
1,696,24,9.47075003969834,72.02099968,9.472,72.721,9.479,73.54,9.486,74.326,9.492,75.08,9.497,75.805
1,667,24,9.37620003002247,70.19685264,9.377,70.838,9.382,71.611,9.387,72.353,9.391,73.065,9.395,73.75
1,658,24,8.27415332462276,65.29199684,8.274,65.869,8.277,66.584,8.28,67.27,8.282,67.929,8.284,68.563
1,628,24,8.66225334701183,71.42388679999999,8.662,71.988,8.667,72.76,8.672,73.5,8.676,74.21,8.679,74.893
1,619,24,8.36034999014526,69.20931979999999,,,,,,,,,,
1,603,24,8.59640000076087,67.81168196,8.596,68.354,8.601,69.124,8.606,69.862,8.61,70.568,8.613,71.247
1,542,24,8.05770333336163,64.07808604,,,,,,,,,,
1,518,24,8.12393333696884,63.54330912,,,,,,,,,,
1,508,24,8.20892999030649,66.04987088,,,,,,,,,,
1,473,24,8.66350666970599,67.99212816000001,8.664,68.549,8.666,69.225,8.668,69.873,8.669,70.496,8.67,71.095
1,465,24,9.30480334924147,71.44029099999999,9.305,72.025,9.307,72.712,9.309,73.371,9.311,74.004,9.312,74.613
1,438,24,9.37644004781484,66.19750868,9.377,66.807,9.379,67.497,9.381,68.159,9.383,68.796,9.385,69.409
1,426,24,8.84618670021677,71.06955608,8.847,71.691,8.849,72.365,8.851,73.011,8.852,73.632,8.853,74.229
1,407,24,8.15213665591384,64.92126192,8.153,65.549,8.155,66.216,8.157,66.856,8.158,67.471,8.159,68.062
1,398,24,8.90707667476803,65.780842,8.91,66.549,8.916,67.345,8.922,68.109,8.927,68.843,8.931,69.548
1,1468,24,8.41297000620504,69.44225944,8.414,70.145,8.42,70.939,8.426,71.7,8.431,72.431,8.435,73.133
1,1422,24,8.82434001817414,70.948165,8.825,71.583,8.829,72.344,8.833,73.074,8.837,73.775,8.84,74.449
1,1361,24,8.14623336677823,73.24803384,8.146,73.806,8.149,74.517,8.152,75.198,8.154,75.852,8.156,76.481
1,1322,24,8.69352000222116,69.11745628,8.694,69.675,8.698,70.444,8.702,71.181,8.706,71.885,8.709,72.562
1,1308,24,8.27880668256487,68.11680008,8.279,68.659,8.285,69.461,8.291,70.23,8.296,70.968,8.3,71.677
1,1241,24,8.24911336885776,66.90617012,,,,,,,,,,
1,1159,24,8.6569833994827,70.620081,,,,,,,,,,
1,1139,24,8.31255334738803,68.4711308,,,,,,,,,,
1,1106,24,8.5215100164841,68.75328304,,,,,,,,,,
1,1085,24,8.81764332087944,68.70735128,,,,,,,,,,
1,1056,24,8.33244998261893,66.03018584,,,,,,,,,,
1,1028,24,8.50865002147889,67.08333548,,,,,,,,,,
1,992,24,7.99010001349169,69.62270564,,,,,,,,,,
1,967,24,7.65875002205227,68.85826992,,,,,,,,,,
1,916,24,8.93080999405609,68.5367476,8.931,69.098,8.941,69.968,8.951,70.802,8.959,71.598,8.966,72.364
1,867,24,8.48942668952057,73.06758764,8.49,73.628,8.493,74.365,8.496,75.071,8.499,75.749,8.501,76.398
1,854,24,9.4435133032713,71.51575032,9.444,72.139,9.449,72.927,9.454,73.683,9.459,74.409,9.463,75.107
1,810,24,9.2334900320067,70.13779752,9.234,70.817,9.24,71.623,9.246,72.395,9.251,73.137,9.256,73.85
1,1708,24,8.2887866687238,69.71128832000001,8.289,70.307,8.293,71.056,8.297,71.774,8.3,72.463,8.303,73.126
1,1683,24,8.55307332403184,67.50984468,8.553,68.085,8.557,68.834,8.561,69.552,8.564,70.241,8.567,70.904
1,1656,24,8.12480334942749,66.57152444,8.125,67.122,8.129,67.891,8.133,68.629,8.137,69.337,8.14,70.018
1,1601,24,7.7094266816371,69.02559276000001,,,,,,,,,,
1,1489,24,8.5956033160256,64.88517268,,,,,,,,,,
1,1457,24,8.67896668532253,70.6036768,,,,,,,,,,
1,1429,24,8.46117673132343,65.93832232,,,,,,,,,,
1,1400,24,8.8921633469919,70.37401799999999,,,,,,,,,,
1,1381,24,8.38944001542376,64.90813856,,,,,,,,,,
1,1337,24,8.22066003749584,69.69488412,,,,,,,,,,
1,1310,24,8.54562668422127,68.27099956,,,,,,,,,,
1,1243,24,9.01569333558512,67.70669508,,,,,,,,,,
1,1224,24,8.65027000855043,65.22966088,,,,,,,,,,
1,1197,24,8.61705000268623,69.23884736,,,,,,,,,,
1,1168,24,8.67831001251117,70.63976604,8.678,71.186,8.683,71.971,8.688,72.724,8.692,73.446,8.696,74.14
1,1140,24,9.26019671372763,70.28215448,9.26,70.858,9.265,71.631,9.27,72.373,9.274,73.085,9.278,73.77
1,1108,24,8.5368733311143,68.77624892,8.537,69.345,8.54,70.054,8.543,70.734,8.545,71.387,8.547,72.015
1,1086,24,8.51381004851127,65.03937216,8.514,65.634,8.517,66.355,8.52,67.046,8.522,67.71,8.524,68.348
1,1058,24,10.0384933148634,66.95538272,10.041,67.699,10.053,68.589,10.065,69.443,10.075,70.263,10.084,71.052
1,2883,24,8.86252334381123,67.40813864,8.867,68.229,8.873,69.03,8.879,69.798,8.884,70.536,8.888,71.245
1,2855,24,8.54003666874599,67.6837292,8.541,68.389,8.543,69.085,8.545,69.753,8.547,70.395,8.549,71.012
1,2796,24,8.7730599767296,65.99737744,8.774,66.662,8.775,67.326,8.777,67.963,8.778,68.575,8.779,69.164
1,2760,24,7.42056334366827,66.27296799999999,7.421,66.867,7.421,67.462,7.422,68.033,7.422,68.581,7.422,69.107
1,2698,24,8.66800333093583,68.27756124,8.668,68.896,8.669,69.539,8.67,70.156,8.671,70.749,8.672,71.319
1,2648,24,8.6454633410185,66.76837483999999,8.646,67.358,8.647,67.988,8.648,68.593,8.649,69.175,8.65,69.735
1,2580,24,7.81325002157041,63.41535636,,,,,,,,,,
1,2557,24,8.665643329233,68.36942476,8.666,68.931,8.667,69.56,8.668,70.164,8.669,70.744,8.67,71.301
1,2521,24,8.07590999715207,66.51246932,8.076,67.054,8.077,67.649,8.078,68.22,8.078,68.769,8.078,69.298
1,2490,24,8.3443800027488,65.50853228,8.344,66.062,8.345,66.693,8.346,67.298,8.347,67.88,8.348,68.44
1,2435,24,8.29979002929183,66.04002836000001,8.3,66.588,8.302,67.263,8.304,67.908,8.305,68.528,8.306,69.124
1,2409,24,8.16769335816686,67.74278432,,,,,,,,,,
1,2332,24,7.19325001367817,64.87533016,,,,,,,,,,
1,2314,24,7.82024667812237,64.08792856,,,,,,,,,,
1,2247,24,8.75651003564713,66.88648508,8.757,67.452,8.763,68.249,8.769,69.013,8.774,69.747,8.778,70.453
1,2144,24,8.52578334284333,66.59449031999999,8.526,67.145,8.536,68.016,8.546,68.851,8.555,69.653,8.562,70.424
1,2123,24,8.34390003477976,68.23819116,,,,,,,,,,
1,2053,24,7.94859004439673,69.26181324,,,,,,,,,,
1,1951,24,8.66282665701843,70.36417548,,,,,,,,,,
1,1902,24,8.6271100072328,73.21850628,,,,,,,,,,
1,1868,24,8.75684002391399,69.94094712,,,,,,,,,,
1,1845,24,8.95105002656867,73.9501336,,,,,,,,,,
1,1805,24,8.36212002547187,69.06496283999999,,,,,,,,,,
1,1755,24,7.6295500141669,70.03937232,,,,,,,,,,
1,1728,24,8.77376666817873,72.74278448,,,,,,,,,,
1,1705,24,8.50731003888256,68.49409668,,,,,,,,,,
1,1648,24,8.90187335437807,71.8011834,8.902,72.348,8.915,73.257,8.928,74.129,8.939,74.965,8.949,75.769
1,1619,24,8.48506337937077,68.22178696,,,,,,,,,,
1,1589,24,9.10122003697281,70.41666892,9.101,70.984,9.108,71.808,9.115,72.598,9.121,73.357,9.126,74.086
1,1572,24,7.62700002246047,66.96522524000001,7.627,67.507,7.629,68.205,7.631,68.874,7.633,69.516,7.635,70.133
1,1516,24,9.16082998981416,70.82349308,9.162,71.48,9.169,72.295,9.175,73.073,9.181,73.819,9.186,74.537
1,3075,24,9.7265500208534,74.40617035999999,9.728,75.099,9.736,75.942,9.744,76.75,9.751,77.526,9.757,78.272
1,3044,24,8.91250669178289,74.15354568,8.913,74.757,8.917,75.506,8.921,76.224,8.924,76.914,8.927,77.577
1,3017,24,8.85655997775136,68.36614392,8.857,68.955,8.861,69.715,8.865,70.444,8.869,71.144,8.872,71.814
1,2965,24,9.02480666115851,69.06824368,9.025,69.639,9.03,70.425,9.035,71.175,9.039,71.895,9.043,72.587
1,2941,24,8.79775000720876,72.17519915999999,8.798,72.723,8.804,73.522,8.81,74.284,8.815,75.015,8.819,75.718
1,2921,24,8.80173335218767,72.6377976,,,,,,,,,,
1,2879,24,8.7735200291551,72.9330732,,,,,,,,,,
1,2846,24,7.88470334770659,69.61286312,,,,,,,,,,
1,2752,24,8.0823933580099,70.13451667999999,,,,,,,,,,
1,2658,24,8.86368338512727,69.29462163999999,8.864,69.847,8.871,70.664,8.878,71.447,8.884,72.199,8.889,72.922
1,2605,24,8.28645003491191,70.784123,,,,,,,,,,
1,2564,24,8.91642666615317,73.4251992,8.917,73.99,8.92,74.712,8.923,75.404,8.925,76.069,8.927,76.708
1,2547,24,8.67368668353117,71.0465902,8.674,71.611,8.676,72.3,8.678,72.961,8.68,73.596,8.682,74.207
1,2506,24,8.2507533458756,69.98031719999999,8.251,70.554,8.253,71.222,8.255,71.863,8.256,72.479,8.257,73.071
1,2450,24,9.26692668251817,74.229005,9.268,74.899,9.272,75.643,9.276,76.356,9.279,77.041,9.282,77.7
1,2375,24,9.50413000711396,68.61548776000001,9.507,69.405,9.516,70.252,9.525,71.065,9.532,71.846,9.538,72.597
1,3284,24,9.69712998900175,70.20669516000001,9.699,70.935,9.71,71.821,9.721,72.671,9.731,73.487,9.739,74.272
1,3264,24,8.48795666869719,66.77493652000001,8.488,67.381,8.492,68.146,8.496,68.879,8.5,69.583,8.503,70.26
1,3248,24,8.54211334008617,68.44816492,8.542,69.042,8.547,69.821,8.552,70.568,8.556,71.285,8.56,71.974
1,3210,24,7.87067669747179,66.87664256000001,,,,,,,,,,
1,3187,24,8.24591670762283,70.04921483999999,,,,,,,,,,
1,3166,24,8.68916002626391,70.2427844,8.689,70.787,8.705,71.733,8.721,72.64,8.735,73.511,8.747,74.348
1,3143,24,8.92213333313099,72.48359812,,,,,,,,,,
1,3123,24,8.359580002531,69.49475288,,,,,,,,,,
1,3077,24,8.61225000461077,67.91010716000001,,,,,,,,,,
1,3053,24,8.37382335840813,70.37073716,,,,,,,,,,
1,3019,24,8.5165266763567,69.17323056,,,,,,,,,,
1,2989,24,8.81349002525091,68.733598,,,,,,,,,,
1,2942,24,8.44132004605867,71.604333,,,,,,,,,,
1,2909,24,8.8617599927982,72.72638028,,,,,,,,,,
1,2880,24,8.2325533846716,73.326774,,,,,,,,,,
1,2819,24,8.21386667938607,70.34449044,,,,,,,,,,
1,2785,24,8.05776668101983,68.24803367999999,,,,,,,,,,
1,2749,24,8.68716999851723,69.2913408,8.687,69.858,8.691,70.609,8.695,71.329,8.698,72.021,8.701,72.686
1,2724,24,8.93613667853969,73.10367688,8.936,73.702,8.94,74.446,8.944,75.159,8.947,75.844,8.95,76.503
1,2688,24,9.18839002021165,76.04002867999999,9.189,76.697,9.194,77.487,9.199,78.244,9.204,78.971,9.208,79.67
1,2659,24,9.26189670055747,66.13845356,9.264,66.902,9.276,67.799,9.288,68.659,9.298,69.485,9.307,70.279
1,3470,24,9.5603366817387,68.4547266,9.561,69.076,9.569,69.908,9.577,70.706,9.584,71.472,9.59,72.209
1,3443,24,8.86497337136576,72.20472672,8.865,72.774,8.871,73.577,8.877,74.347,8.882,75.086,8.886,75.796
1,3430,24,8.43514999285277,70.46916236,,,,,,,,,,
1,3412,24,8.74162333596284,70.456039,8.742,71.002,8.755,71.913,8.768,72.786,8.779,73.624,8.789,74.429
1,3391,24,8.67421667323593,69.18963475999999,,,,,,,,,,
1,3376,24,8.55853667728893,68.11680008,,,,,,,,,,
1,3361,24,8.91853332245116,66.06299424,8.919,66.612,8.948,67.667,8.977,68.679,9.001,69.644,9.022,70.572
1,3269,24,8.67469339291754,73.04134092000001,,,,,,,,,,
1,3240,24,7.89858333492033,68.5367476,,,,,,,,,,
1,3203,24,8.51790338130877,75.18701028000001,,,,,,,,,,
1,3188,24,7.67541334996404,68.50393919999999,,,,,,,,,,
1,3148,24,8.99455668418543,75.98753524,,,,,,,,,,
1,3137,24,9.2042533274409,72.68044852,,,,,,,,,,
1,3097,24,8.54962670510205,74.43897876,,,,,,,,,,
1,3071,24,8.8201166721046,74.28149844,8.82,74.831,8.824,75.594,8.828,76.325,8.832,77.027,8.835,77.702
1,3045,24,8.7711733227806,74.41929372,8.771,74.981,8.774,75.7,8.777,76.389,8.779,77.051,8.781,77.687
1,3021,24,9.07838341183143,71.69947736,9.079,72.302,9.083,73.059,9.087,73.785,9.091,74.482,9.094,75.152
1,3000,24,9.35551669197546,75.1968528,9.356,75.874,9.364,76.72,9.372,77.531,9.379,78.31,9.385,79.059
1,4083,24,9.11471332735267,67.70669508,9.119,68.544,9.126,69.363,9.133,70.149,9.139,70.904,9.144,71.63
1,4062,24,8.86273335404331,70.6528894,8.864,71.381,8.867,72.103,8.87,72.796,8.872,73.461,8.874,74.101
1,4049,24,8.78147668201176,67.59842736,8.783,68.283,8.785,68.965,8.787,69.619,8.789,70.248,8.79,70.853
1,4032,24,7.97977000575276,70.74803376,7.98,71.387,7.981,72.024,7.982,72.636,7.983,73.224,7.984,73.789
1,3960,24,8.73885333801117,72.49344064,8.739,73.101,8.74,73.745,8.741,74.363,8.742,74.957,8.743,75.528
1,3940,24,8.66847334408213,70.17060592,8.669,70.76,8.67,71.397,8.671,72.006,8.672,72.591,8.673,73.154
1,3912,24,8.8954133394474,70.95144584,8.896,71.527,8.897,72.168,8.898,72.784,8.899,73.376,8.9,73.945
1,3894,24,8.7734233422247,66.54527772,8.774,67.11,8.775,67.74,8.776,68.345,8.777,68.926,8.778,69.485
1,3872,24,8.45681002368356,66.48294176,8.457,67.043,8.458,67.675,8.459,68.281,8.46,68.864,8.461,69.425
1,3841,24,8.05392334091783,67.7821544,8.054,68.336,8.055,68.989,8.056,69.615,8.057,70.217,8.058,70.796
1,3801,24,8.2248133500034,69.17979224,8.225,69.729,8.227,70.395,8.229,71.034,8.23,71.648,8.231,72.239
1,3789,24,8.60326000111663,69.79002847999999,8.603,70.343,8.605,71.025,8.607,71.679,8.609,72.307,8.61,72.911
1,3769,24,8.4675566406808,65.452758,8.468,66.002,8.47,66.702,8.472,67.37,8.474,68.012,8.476,68.63
1,3713,24,8.98376328285364,70.27231196,8.984,70.831,8.992,71.665,8.999,72.461,9.005,73.225,9.011,73.959
1,3680,24,8.09539668003884,67.44750872,,,,,,,,,,
1,3660,24,7.93580335106529,66.04002836000001,,,,,,,,,,
1,3620,24,8.55015334782424,66.54855855999999,,,,,,,,,,
1,3601,24,9.1398299837119,68.28084208,,,,,,,,,,
1,3565,24,8.5505566624487,71.25656396000001,,,,,,,,,,
1,3504,24,8.73047673037534,70.61023847999999,,,,,,,,,,
1,3476,24,8.63084331189147,68.33333551999999,,,,,,,,,,
1,3453,24,8.24005667579823,70.12467416,,,,,,,,,,
1,3432,24,8.24958336135896,66.82086828,,,,,,,,,,
1,3400,24,8.86499666505874,72.71653776000001,,,,,,,,,,
1,3378,24,8.99465332267206,71.64698392,,,,,,,,,,
1,3357,24,8.62352334393626,71.18110464,,,,,,,,,,
1,3340,24,9.23798668275583,73.10039603999999,9.238,73.644,9.254,74.59,9.27,75.497,9.284,76.368,9.296,77.205
1,3320,24,8.81010001696889,73.13976611999999,,,,,,,,,,
1,3303,24,9.50449340127633,76.16798144,9.505,76.73,9.512,77.555,9.519,78.345,9.525,79.104,9.53,79.833
1,3288,24,9.69889668487287,71.88976608,9.699,72.467,9.705,73.258,9.711,74.017,9.716,74.746,9.72,75.444
1,3265,24,9.16282336264254,72.13910992,9.163,72.719,9.167,73.471,9.171,74.192,9.174,74.884,9.177,75.55
1,3251,24,9.77428332656344,74.42257456,9.775,75.058,9.781,75.856,9.787,76.622,9.792,77.357,9.796,78.064
1,3227,24,10.5321133197596,72.05708892,10.534,72.79,10.547,73.691,10.56,74.556,10.571,75.387,10.58,76.186
1,4194,24,9.68365335706716,69.40288936,9.687,70.187,9.691,70.953,9.696,71.688,9.7,72.394,9.703,73.073
1,4178,24,9.13357000487804,68.75328304,9.134,69.412,9.135,70.061,9.136,70.684,9.137,71.283,9.138,71.859
1,4172,24,8.73746667599073,72.26706268000001,8.738,72.873,8.739,73.472,8.74,74.047,8.74,74.598,8.74,75.129
1,4161,24,8.68173335556417,70.69225948,8.682,71.28,8.682,71.866,8.682,72.428,8.682,72.969,8.682,73.489
1,4137,24,8.75208996952122,69.3733618,8.752,69.941,8.752,70.512,8.752,71.061,8.752,71.589,8.752,72.097
1,4129,24,9.2782566604418,68.54987095999999,9.278,69.137,9.279,69.735,9.28,70.309,9.28,70.861,9.28,71.393
1,4033,24,9.12561001093379,73.36286324,9.126,73.912,9.127,74.555,9.128,75.172,9.129,75.765,9.13,76.336
1,4025,24,8.71838002256287,69.15026468,,,,,,,,,,
1,4020,24,8.58288001919033,67.99868984,,,,,,,,,,
1,4000,24,8.09956331839716,71.63386056,,,,,,,,,,
1,3981,24,8.6562233331998,70.18372928,8.656,70.736,8.659,71.458,8.662,72.151,8.664,72.816,8.666,73.456
1,3931,24,8.21469665408356,64.47178684,,,,,,,,,,
1,3913,24,8.46225000998217,67.39829612,,,,,,,,,,
1,3895,24,8.70644332566863,72.17191832,,,,,,,,,,
1,3877,24,7.96973665883146,67.43110452,,,,,,,,,,
1,3860,24,8.7623233170521,67.42454284,,,,,,,,,,
1,3830,24,7.88344334895987,68.45144576,,,,,,,,,,
1,3816,24,8.29228999991007,69.16994971999999,,,,,,,,,,
1,3793,24,7.91237337749863,68.64173448,,,,,,,,,,
1,3755,24,7.77673003382637,70.37729884,,,,,,,,,,
1,3736,24,9.08903668603881,69.43569776000001,,,,,,,,,,
1,3725,24,8.64331335613763,70.66273192,,,,,,,,,,
1,3699,24,8.4574733514982,66.7814982,,,,,,,,,,
1,3682,24,7.90875668233603,67.79199692,,,,,,,,,,
1,3645,24,7.96115334506527,66.18438531999999,,,,,,,,,,
1,3630,24,8.9252400190507,72.96588159999999,,,,,,,,,,
1,3608,24,8.7455000187712,69.67847992,,,,,,,,,,
1,3583,24,9.23153332496554,71.20407052,,,,,,,,,,
1,3549,24,9.25751662562097,71.84055348,,,,,,,,,,
1,3536,24,8.951833349717,73.65485799999999,,,,,,,,,,
1,3517,24,8.6486566672827,75.02296828,,,,,,,,,,
1,3496,24,8.96525001370464,73.1955404,8.965,73.741,8.968,74.468,8.971,75.165,8.974,75.835,8.976,76.479
1,3482,24,9.69959668088477,73.74015983999999,9.7,74.33,9.703,75.067,9.706,75.774,9.709,76.453,9.712,77.106
1,3455,24,8.93086668814814,71.6207372,8.931,72.216,8.933,72.921,8.935,73.597,8.937,74.246,8.939,74.87
1,3423,24,9.56644667247273,70.57086840000001,9.568,71.275,9.575,72.088,9.582,72.868,9.588,73.617,9.593,74.337
